:020000040800F2
:1000000040B9002059020008C55F0008B35200083B
:10001000C15F00083518000895B90008000000000D
:10002000000000000000000000000000A101000826
:100030002B19000800000000F501000819780008DD
:1000400073020008730200087302000873020008BC
:1000500073020008730200087302000873020008AC
:10006000730200087302000873020008730200089C
:10007000730200087302000873020008730200088C
:10008000730200087302000873020008730200087C
:10009000730200087302000873020008730200086C
:1000A000730200087302000873020008730200085C
:1000B000F57B00080D7C0008257C00087302000811
:1000C000730200087302000873020008730200083C
:1000D00073020008098700082587000873020008DA
:1000E000730200087302000873020008557C0008C0
:1000F000730200087302000873020008730200080C
:1001000073020008730200083D7C000873020008B7
:1001100073020008D5820008730200087302000809
:1001200073020008730200087302000873020008DB
:1001300073020008730200087302000873020008CB
:10014000730200087302000873020008A565000826
:1001500073020008730200087302000873020008AB
:10016000730200087302000873020008730200089B
:10017000730200087302000873020008730200088B
:100180007302000873020008DFF810D000F004FCCE
:1001900000480047B9E40008AFF3008040B90020F0
:1001A0002A4B19680868B0E8F04F80F30988BFF35C
:1001B0006F8F4FF0000080F311887047000000003F
:1001C00006480068006880F3088862B661B6BFF32D
:1001D0004F8FBFF36F8F00DF00BF00BF08ED00E05F
:1001E000DFF80C00016841F470010160704700BF46
:1001F00088ED00E0EFF30980BFF36F8F134B1A68AF
:100200001EF0100F08BF20ED108A20E9F04F10609B
:1002100008B44FF0500080F31188BFF34F8FBFF345
:100220006F8F11F093FB4FF0000080F3118808BC32
:1002300019680868B0E8F04F1EF0100F08BFB0EC66
:10024000108A80F30988BFF36F8F70474801002040
:10025000EFF30580704700000648804706480047D6
:10026000FEE7FEE7FEE7FEE7FEE7FEE7FEE7FEE766
:10027000FEE7FEE7297800088901000840EA01034B
:100280009B0703D009E008C9121F08C0042AFAD24C
:1002900003E011F8013B00F8013B521EF9D2704710
:1002A000D2B201E000F8012B491EFBD270470022B8
:1002B000F6E710B513460A4604461946FFF7F0FF65
:1002C000204610BD2DE9FE4F804681EA0300C00F95
:1002D0000C46009021F0004123F00045B8EB0200ED
:1002E000A94105D24046214690461C460B4602468F
:1002F00023F00040104347D0270DC7F30A00C3F393
:100300000A510290401A019040286BDAC3F313009F
:1003100040F4801B0098924620B10023D2EB030AE0
:1003200063EB0B0B01985946C0F14002504600F0B8
:10033000E5F906460D4650465946019A00F0EDF99A
:1003400010EB08006141002487EA115284EAE77348
:100350001A4340D0009A62B3019A012A4FEA075229
:1003600015DC001B61EB02014FF0004202EA07526C
:10037000CDE90042001C41F5801132462B4600F0C9
:1003800024FA03B0BDE8F08F40462146F9E7001B90
:1003900061EB0201001C41F5801300185B4120183D
:1003A000A2F5001747EB030140EAD570B6196D417D
:1003B00011E06D084FEA360645EAC0754FEA07526C
:1003C000001B61EB0201001C41F5801149084FEA56
:1003D00030000019514132462B4603B0BDE8F04FC2
:1003E00000F0E4B90098012240000023D0EB0202A3
:1003F00063EBE073009821464FEAE074B8EB00002D
:1004000061EB0401E9E783F000435BE781F0004121
:1004100058E72DE9FE4F81EA030404F0004421F07F
:10042000004100944FF0000B23F0004350EA010418
:100430005ED052EA03045BD0C3F30A54C1F30A55F9
:100440002C44A4F2F3340194A0FB0254C1F3130131
:1004500041F48011C3F3130343F4801301FB0244FE
:1004600000FB034E840A970A44EA815447EA835703
:10047000A4FB076802958D0A05FB07854FEA932CBC
:1004800004FB0C542705029D4FEA065847EA16372D
:10049000B5EB08056EEB070C870E920E47EA811745
:1004A00042EA8312A7FB0201B6EB0B0164EB0004E6
:1004B0002B0D43EA0C335E1844EB1C50DA465146D0
:1004C000E7FB0201C5F313044FEA0B3343EA14536D
:1004D0004FEA0432019C43EA0603A4F10C0402949F
:1004E000009CCDE900B400F070F903B0BDE8F08FD6
:1004F00000200146F9E72DE9F04D81EA030404F0FC
:10050000004B21F0004514464FF0000A23F0004153
:1005100050EA050220D054EA01021DD0C5F30A5763
:100520000246C5F31303C1F31300C1F30A5640F4A6
:10053000801543F48013A7EB0608101BD64608F27B
:10054000FD3873EB050002D308F1010801E09218B1
:100550005B41B8F1000F03DA00200146BDE8F08DE1
:1005600000204FF48011064684460EE0171B73EB03
:10057000050705D3121B63EB050306434CEA010C88
:1005800049084FEA300092185B4150EA0107EDD16B
:1005900052EA030012D082EA040083EA050108430C
:1005A00005D0101BAB4106D20122002306E0002239
:1005B0004FF0004302E06FF0010253101AEB060007
:1005C0004CEB085110EB0A0041EB0B01BDE8F04D7C
:1005D00000F0ECB80EB5C10F80EAE0700844CA071D
:1005E000002140F233438DE80E000A460B4600F02E
:1005F000ECF803B000BD0EB540F23341029100218A
:10060000CDE900110A460B4600F0DFF803B000BD4B
:1006100000F0004230F000400AD0C10D01F56071D9
:10062000C0F3160042EA0151C20840071143704767
:1006300000200146704701F0004330B421F0004132
:1006400050EA010206D00A0DA2F56072C1F313014F
:10065000002A02DC30BC00207047440F44EAC10489
:10066000C100E01830BC00EBC25000F068B830B5F3
:100670000B46014600202022012409E021FA02F560
:100680009D4205D303FA02F5491B04FA02F52844FA
:10069000151EA2F10102F1DC30BD2DE9F05F054627
:1006A000002092469B4688460646814640241BE031
:1006B000284641464746224600F080F953465A46AE
:1006C000C01A914110D311461846224600F016F880
:1006D0002D1A67EB01084F4622460120002100F049
:1006E0000DF817EB00094E41201EA4F10104DFDCD8
:1006F000484631462A464346BDE8F09F202A04DB9F
:10070000203A00FA02F1002070479140C2F1200324
:1007100020FA03F3194390407047202A06DBCB17D9
:10072000203A41FA02F043EAE07306E041FA02F3AC
:10073000D040C2F120029140084319467047002979
:10074000A8BF7047401C490008BF20F00100704757
:1007500010B4B0FA80FC00FA0CF050EA010404BFB7
:1007600010BC704749B1CCF1200421FA04F411FA0D
:100770000CF118BF012121430843A3EB0C01CB1D51
:100780004FEA00614FEA102042BF002010BC7047C2
:1007900000EBC35010440029A4BF10BC7047401C9C
:1007A000490008BF20F0010010BC704710B5141EAE
:1007B00073F1000408DA401C41F1000192185B411A
:1007C0001A4301D120F0010010BD2DE9F04D9246F1
:1007D0009B4611B1B1FA81F202E0B0FA80F2203208
:1007E0009046FFF78BFF04460F4640EA0A0041EAB5
:1007F0000B0153465A46084313D0114653EA0100F1
:1008000019D0C8F14002504600F0D8F805460E460F
:10081000504659464246FFF771FF084305D0012074
:1008200004E020463946BDE8F08D0020054346EA45
:10083000E0762C4337430A986305E40AA0EB0800EE
:100840000022FD0A44EA47540A3002D5002001463E
:10085000E9E7010510196941DDE908450019694119
:10086000BDE8F04DA2E770B521F0004303430CD082
:10087000C1F30A550024D5EB040564EB0403D61735
:10088000AD1AB34102DB0020014670BD201841EBD8
:10089000025170BD2DE9F04D00231A461B1A8A4102
:1008A00003DB00200146BDE8F08DC1F30A52C1F31D
:1008B000130141F480154FF0000BD10702D100184D
:1008C0006D41521E0027044640F2FF11384601EBED
:1008D000620A3E468046024600204FF4801100F036
:1008E0006DF8C2197141BB1846EB0100B4EB030C63
:1008F00075EB000C04D3E41A65EB000517460E46B1
:10090000241908F101006D4180463428E3DDF9190E
:1009100046EB0600091BA84103D24FF0FF321346F5
:1009200001E0002213461BEB070046EB0A51BDE82D
:10093000F04DFFF73BBFC1F30A52C1F3130140F280
:10094000FF3341F480119A4202DA002001467047D9
:1009500040F233439A42A2F2334202DC524200F0A8
:100960002DB8FFF7CBBE000030B5041E71F10004B6
:1009700004DB4FF00044404264EB0101141E73F1AC
:10098000000405DB1C464FF00043524263EB0403B6
:10099000994208BF904230BD064C074D06E0E06822
:1009A00040F0010394E8070098471034AC42F6D3B6
:1009B000FFF7EEFBF050010810510108202A04DB7C
:1009C000203A21FA02F00021704721FA02F3D040C8
:1009D000C2F12002914008431946704770B5C1F337
:1009E0000A5201F000450024C1F3130140F2FF3325
:1009F00041F480119A4201DA002070BD40F2334385
:100A00009A42A2F2334203DC5242FFF7D7FF00E0E2
:100A100090402C43F1D0404270BD70B58C1810F856
:100A2000015B15F0070301D110F8013B2A1106D133
:100A300010F8012B03E010F8016B01F8016B5B1E4D
:100A4000F9D12B0705D40023521E0DD401F8013B28
:100A5000FAE710F8013BCB1A921C03E013F8015B94
:100A600001F8015B521EF9D5A142D8D3002070BD18
:100A700021B1826842F00102826003E0826822F0C4
:100A800001028260704700000021084A1168084A8C
:100A90001140D0E900231A4383681A43C3681A43FC
:100AA0001143044AC2F804137047000004230140B4
:100AB000E030FCFF002001400146C86C80B2704766
:100AC0000246002013680B400BB1012000E000201B
:100AD0007047000030B50246002000235068104CDB
:100AE00020400D790C6844EA05242043506090684A
:100AF0000C4C2040D1E903542C438D682C434D7994
:100B000044EA450420439060D06A20F470000C7DD4
:100B1000641EE4B2234340EA0350D06230BD0000BB
:100B2000FFFEFFFCFDF7FFC0F0B504460D460020B8
:100B30000021092D11DDE068A5F10A0606EB460744
:100B4000072606FA07F18843A5F10A0606EB4606D2
:100B500003FA06F10843E0600CE0206905EB450765
:100B6000072606FA07F1884305EB450603FA06F166
:100B700008432061072A0FDA606B561E06EB8607D2
:100B80001F2606FA07F18843561E06EB860605FA6D
:100B900006F10843606322E00D2A0FDA206BD61FAE
:100BA00006EB86071F2606FA07F18843D61F06EBD9
:100BB000860605FA06F10843206310E0E06AA2F118
:100BC0000D0606EB86071F2606FA07F18843A2F1F9
:100BD0000D0606EB860605FA06F10843E062F0BD55
:100BE000816841F08041816070470000FEB5AA48ED
:100BF000D0ED000A9FEDA91A9FEDA90A10EE810A17
:100C0000F3EE0B0A80EE201ABDEEC10A10EE106A58
:100C1000642E00DD6426A34890ED000ADFEDA20AF1
:100C200020EE200ABDEEC00A10EE104A002C00DAB9
:100C300064429E4890ED000ADFED9B0A20EE200AF8
:100C4000BDEEC00A10EE105A002D00DA6D42984831
:100C5000007808B9012000E0002095490870954807
:100C60000078012877D194480078062818D1934855
:100C700090ED000ABDEEC00A10EE103A904890EDDB
:100C8000000ABDEEC00A10EE102A8E4890ED000A50
:100C9000BDEEC00A10EE101A8BA00BF04DF9DCE08F
:100CA00085480078052818D18B4890ED000ABDEEE4
:100CB000C00A10EE103A894890ED000ABDEEC00A55
:100CC00010EE102A864890ED000ABDEEC00A10EE24
:100CD000101A7DA00BF030F9BFE0774800780428A7
:100CE00071D180480078022818D17F4890ED000A21
:100CF000BDEEC00A10EE103A7C4890ED000ABDEE41
:100D0000C00A10EE102A7A4890ED000ABDEEC00A23
:100D100010EE101A6CA00BF00FF99EE071480078ED
:100D2000032819D1734890ED000ABDEEC00A10EEF9
:100D3000103A714890ED000ABDEEC00A10EE102A7C
:100D40006E4890ED000ABDEEC00A10EE101A5EA0CB
:100D50000BF0F2F881E084E062480078042818D1B2
:100D6000674890ED000ABDEEC00A10EE103A6548E3
:100D700090ED000ABDEEC00A10EE102A624890ED18
:100D8000000ABDEEC00A10EE101A4FA00BF0D4F806
:100D900063E05E4890ED000ABDEEC00A10EE103A26
:100DA0005B4890ED000ABDEEC00A10EE102A5948CB
:100DB00090ED000ABDEEC00A10EE101A42A00BF032
:100DC000BBF84AE0FFE73C48007803282DD15248A1
:100DD00090ED000ABDEEC00A5048D0ED000AFDEECD
:100DE000E00A4F4890ED001ABDEEC11A8DED001AD1
:100DF000CDED010A8DED020A4A4890ED000ABDEEE4
:100E0000C00A10EE103A484890ED000ABDEEC00A44
:100E100010EE102A454890ED000ABDEEC00A10EE13
:100E2000101A43A00BF088F817E0474890ED000A2D
:100E3000BDEEC00A10EE103A444890ED000ABDEE37
:100E4000C00A10EE102A424890ED000ABDEEC00A1A
:100E500010EE101A1CA00BF06FF800201549087056
:100E600019E01348007850B9E8B2E1B2EAB2CDE92E
:100E70000010E1B2334637A00BF05EF80BE0EBB2A6
:100E8000E2B2334890ED000ABDEEC00A10EE101A2F
:100E900035A00BF051F8FEBD1800002000007A4488
:100EA00000401C46B0A700200000C842C4A7002094
:100EB0002F0300204702002058020020FC010020E0
:100EC000F8010020600200207B4325643A25643A43
:100ED00025647D2400000000F4010020F0010020C2
:100EE0005C020020C4010020B4000020B0000020FB
:100EF000AC000020A8000020A4000020A0000020DA
:100F0000C0000020BC000020B8000020CC00002061
:100F1000C8000020C4000020E4000020E000002001
:100F2000DC000020D8000020D4000020D0000020E9
:100F30007B4325643A25643A25643A25643A25645E
:100F40003A25647D240000002402002020020020B5
:100F5000CC0100207B4125643A25643A25643A257A
:100F6000643A25647D2400007B4225643A25643A76
:100F700025647D240000000001462B2913D136484A
:100F80000078401C344A10700020344A10703448F5
:100F90000078401C324A107032480078401C314AB8
:100FA0001070012070472C480078002852D02B4840
:100FB0000078401C294A107027480078401E2A4AB1
:100FC00052F82000254A1278805C884212D12448C9
:100FD0000078401C224A107010460078222807D161
:100FE000002010701F4A10701B4A10701B4A1070AE
:100FF0000120D7E718480078401E1C4A52F820000C
:10100000164A1278805C884207D01348007801287D
:1010100016D1144800780D2812DB12480078401CC5
:10102000104A1070104600782C2807D1002010704C
:101030000B4A1070084A1070084A10700120B1E77E
:101040000020074A1070074A1070034A1070034AC4
:101050001070A7E70020A5E7080100200701002085
:10106000090100200A0100200C01002018010020C5
:1010700000B58DB00121022005F0B4FE0121080267
:1010800005F0F0FE02200B9003208DF830000020C8
:101090008DF833000BA9154801F00EFD012108025F
:1010A00005F0F0FE00214FF4807005F0EBFE00200B
:1010B00007900A9009904FF40030089007A8FFF7B6
:1010C000E3FC002001908DF808008DF809000390E2
:1010D000059001208DF8180001A90548FFF7FAFCDA
:1010E00001210348FFF7C4FC0DB000BD000402401D
:1010F0000020014000B58DB00121022005F072FEF4
:101100000121480205F0AEFE01200B9003208DF86E
:10111000300000208DF833000BA9154801F0CCFCFD
:101120000121480205F0AEFE00214FF4007005F0E9
:10113000A9FE002007900A9009904FF40030089013
:1011400007A8FFF7A1FC002001908DF808008DF89A
:1011500009000390059001208DF8180001A90548A9
:10116000FFF7B8FC01210348FFF782FC0DB000BD7A
:10117000000402400021014000B5B0EE401A30EEFC
:10118000C10A894880ED000A884890ED000A864827
:10119000D0ED001A30EE210A844880ED000A90ED6F
:1011A000000ADFED831AB4EEE10AF1EE10FA04DD75
:1011B0009FED7F0A80ED000A0DE07C4890ED000A6B
:1011C000DFED7C1AB4EEE10AF1EE10FA03D29FEDE6
:1011D000790A80ED000A78480078042830D17748F1
:1011E00090ED000A7048D0ED001A60EE211A9FEDD4
:1011F000742A81EE820A7348D0ED001A6B4890ED94
:10120000002A61EE821A9FED6E2AC1EE822A30EE2C
:10121000220A6548D0ED001A6B4890ED002A71EE65
:10122000C21A6A4890ED002A61EE821A9FED642A84
:10123000C1EE822A30EE220A654880ED000A99E06C
:101240005D480078022830D1624890ED000A564887
:10125000D0ED001A60EE211A9FED592A81EE820A24
:101260005D48D0ED001A514890ED002A61EE821AD7
:101270009FED532AC1EE822A30EE220A4A48D0ED71
:10128000001A514890ED002A71EEC21A534890EDB1
:10129000002A61EE821A9FED462AC1EE822A30EEC4
:1012A000220A4B4880ED000A64E043480078032896
:1012B00003D04148007805282AD1494890ED000A1A
:1012C0003948D0ED001A60EE211A9FED462A81EED2
:1012D000820A4548D0ED001A344890ED002A61EEAC
:1012E000821A9FED402AC1EE822A30EE220A2E4851
:1012F000D0ED001A344890ED002A71EEC21A3B4836
:1013000090ED002A02EE210A314880ED000A31E01A
:10131000374890ED000AB1EE400A2348D0ED001A9C
:1013200060EE211A9FED262A81EE820A3148D0ED27
:10133000001A1E4890ED002A61EE821A9FED202AC5
:10134000C1EE822A30EE620A1748D0ED001A1E481C
:1013500090ED002A71EEC21A274890ED002A61EE46
:10136000821A9FED132AC1EE822A30EE620A1848D3
:1013700080ED000A0C4890ED000A134880ED000A49
:101380001E4890ED000ABDEEC00A10EE100A06F0ED
:1013900079FF012804D19FED1A0A044880ED000A64
:1013A0000B4890ED000A00BDE8020020F00200208A
:1013B00000007A4400007AC4C4010020B800002074
:1013C0000050C347C0000020F4020020BC000020F1
:1013D000EC020020AC000020B4000020B00000208F
:1013E000A00000200000C842A8000020A4000020A7
:1013F000C4000020CC000020C800002018000020FD
:10140000000000001CB50DF021F80190F3E10A2165
:1014100001A810F06DF8F848406840F6B8318842ED
:1014200004DAF5484068401CF349486002F086F849
:10143000F2480078401CC0B2F04908700A2806D172
:101440000020EF490870ED490870EE49086032202D
:101450000CF0F0FD012802D0022847D119E0EA483B
:101460000078401CE849087008460078062802D138
:101470000CF076FF05E0E4480078052801D10CF077
:1014800073FDE1480078062802DD0020DE4908707F
:101490002CE0DD480078062810D1DC48007808B937
:1014A000012000E00020D949087008460078E0B922
:1014B0004FF4E161D648FEF7FAFE16E0D248007814
:1014C00018B1D148007801280FD1CE48006808B97A
:1014D000012000E00020CB4908600846006820B9E0
:1014E0004FF4E161CA48FEF7E2FE00BF00BFC94801
:1014F0000078C549097888420DD0C6480078401C5C
:10150000C449087004F0A6FDC2480078062802DD30
:101510000020C0490870BC480078062802D000208E
:1015200000F08AF9B848007810B901F065FB24E0B2
:10153000B5480078012802D105F0E4F81DE0B24872
:101540000078022802D104F0B9F916E0AE4800781C
:10155000032802D104F0B8FA0FE0AB480078042861
:1015600002D104F003FC08E0A7480078052802D166
:1015700001F012FD01E001F069FEA74890ED000ABC
:10158000BDEEC00A10EE100A06F07CFE002879D1EC
:10159000A24890ED021AF0EE410A90ED001AB0EE6A
:1015A000410A04F013F800EE100AB8EEC00A9B4896
:1015B00080ED010A9A4890ED021AF0EE410A90ED92
:1015C000001AB0EE410A04F059F800EE100AB8EE25
:1015D000C00A934880ED010A924890ED021AF0EE9D
:1015E000410A90ED001AB0EE410A04F09FF800EEB7
:1015F000100AB8EEC00A8B4880ED010A8A4890EDC7
:10160000021AF0EE410A90ED001AB0EE410A04F021
:10161000E5F800EE100AB8EEC00A834880ED010A32
:1016200044F2740004F04AFC80480078062828D26E
:10163000DFE800F003294A6E91B600207A4C009052
:1016400094ED010ABDEEC00A10EE103A754C94ED0F
:10165000010ABDEEC00A10EE102A714C94ED010A89
:10166000B1EE400ABDEEC00A10EE101A6B4C94EDBC
:10167000010AB1EE400ABDEEC00A10EE100A05F0F4
:101680007BFFB0E0B0E00020674C009094ED010AD1
:10169000BDEEC00A10EE103A624C94ED010ABDEEA8
:1016A000C00A10EE102A5E4C94ED010ABDEEC00A8D
:1016B00010EE101A594C94ED010ABDEEC00A10EE5E
:1016C000100A05F059FF8EE059480068564C00900A
:1016D00094ED010ABDEEC00A10EE103A514C94EDA3
:1016E000010ABDEEC00A10EE102A4D4C94ED010A1D
:1016F000BDEEC00A10EE101A484C94ED010AB1EE8E
:10170000400ABDEEC00A10EE100A05F035FF6AE08F
:101710000020454C009094ED010ABDEEC00A10EE89
:10172000103A404C94ED010ABDEEC00A10EE102AAA
:101730003B4C94ED010ABDEEC00A10EE101A374C76
:1017400094ED010AB1EE400ABDEEC00A10EE100A97
:1017500005F012FF47E00020334C009094ED010AA1
:10176000BDEEC00A10EE103A2E4C94ED010ABDEE0B
:10177000C00A10EE102A2A4C94ED010AB1EE400A7C
:10178000BDEEC00A10EE101A244C94ED010AB1EE21
:10179000400ABDEEC00A10EE100A05F0EDFE22E090
:1017A0000020214C009094ED010ABDEEC00A10EE1D
:1017B000103A1C4C94ED010ABDEEC00A10EE102A3E
:1017C000174C94ED010ABDEEC00A10EE101A134C2E
:1017D00094ED010AB1EE400ABDEEC00A10EE100A07
:1017E00005F0CAFE00BF06E000200346024601469F
:1017F000009005F0C1FE0AE600A800206D0200205E
:101800006C020020540200205802002050020020E8
:10181000A42E00208502002018000020B0A7002080
:10182000C4A70020D8A70020ECA70020C4010020F6
:10183000C801002000BFFEE770B504462CB94FF484
:101840008071074801F0A3F909E0681C0546A04231
:1018500005DB4FF48071024801F09BF9002570BD53
:10186000000002401CB50121084605F0BBFA4FF408
:101870008070009001208DF8040000208DF8060093
:1018800003208DF8050001208DF807006946024805
:1018900001F012F91CBD00000000024070B50446C2
:1018A000002500BF05E0002104F5B16040F82510D7
:1018B0006D1C102DF7D3002504E0002104F58E7077
:1018C00041556D1CB5F5806FF7D300202070607016
:1018D0000120A0700020C4F8C80501212176402114
:1018E000A1710021617684F81C15012184F81D1571
:1018F000002184F81F1584F81E154FF4807104F13F
:101900001C00FEF7D4FC4FF4806104F58E70FEF7E6
:10191000CEFC122104F22650FEF7C9FC3E2104F54C
:10192000A760FEF7C4FC002070BD704700221B4872
:101930000078012830D1002125E0194800EBC100D2
:1019400090ED010ADFED170AB4EEE00AF1EE10FAAD
:101950000BDC134800EBC10090ED010ADFED120A29
:10196000B4EEE00AF1EE10FA0CD20D4830F8310076
:10197000002807DD0A4830F83100B0F52F7F01DA82
:10198000501CC2B2491CB1F5906FD6DB002A01DDB4
:10199000012070470020FCE70020FAE750020020F9
:1019A000A42E0020000096430000704200B5B0EE67
:1019B000401A30EEC10A3A4880ED000A394890EDED
:1019C000000A3748D0ED001A30EE210A354880ED84
:1019D000000A90ED000ADFED341AB4EEE10AF1EEF0
:1019E00010FA04DD9FED300A80ED000A0DE02D486D
:1019F00090ED000ADFED2D1AB4EEE10AF1EE10FAD7
:101A000003D29FED2A0A80ED000A294890ED000AD2
:101A10002348D0ED001A60EE211A9FED262A81EEB0
:101A2000820A2548D0ED001A1E4890ED002A61EE8A
:101A3000821A9FED202AC1EE822A30EE220A18482F
:101A4000D0ED001A1D4890ED002A71EEC21A1C4814
:101A500090ED002A61EE821A9FED162AC1EE822ACD
:101A600030EE220A174880ED000A0D4890ED000A7A
:101A7000124880ED000A144890ED000ABDEEC00A3D
:101A800010EE100A06F0FEFB012804D19FED0F0AAC
:101A9000044880ED000A0B4890ED000A00BD0000EC
:101AA000F80200200003002000007A4400007AC4FD
:101AB000D00000200000C842D8000020040300200D
:101AC000D4000020FC0200201800002000000000CC
:101AD000002000E0401C1E28FCDB704700B52DED07
:101AE000040B2DED108B85B0B0EE0C0AB0EE408AE1
:101AF000FE480078012802D0FC48007850B9FC4824
:101B0000006838B1FB48007820B117AA16A915A8BB
:101B100005F052FAF848007818B1F7480078012823
:101B200014D19DED171ADDED160A9DED150A05F08D
:101B300071FDF24890ED000A8DED150A90ED010A55
:101B40008DED160A90ED020A8DED170AEA4800782D
:101B500000287DD19DED160ADDED150A30EE200A34
:101B6000E748D0ED000AE74890ED001A70EE810AD0
:101B70009DED171A01EE600AE34880ED020A9DED23
:101B8000160AB1EE400ADDED150A30EE200ADC48F7
:101B9000D0ED000ADB4890ED001A70EE810A9DED51
:101BA000171A01EE600AD94880ED020A9DED160A67
:101BB000DDED150A30EE200AD148D0ED000AD148FB
:101BC00090ED001A70EE810A9DED171A01EE200AC1
:101BD000CF4880ED020A9DED160AB1EE400ADDED18
:101BE000150A30EE200AC648D0ED000AC54890ED2F
:101BF000001A70EE810A9DED171A01EE200AC54801
:101C000080ED020AC048D0ED020AB0EE600AB0EEE4
:101C1000481AF1EE480A0FF033F9BB4880ED020A8A
:101C2000BA48D0ED020AB0EE600AB0EE481AF1EE02
:101C3000480A0FF025F9B54880ED020AB448D0ED06
:101C4000020AB0EE600AB0EE481AF1EE480A00E06F
:101C500013E00FF015F9AE4880ED020AAD48D0ED63
:101C6000020AB0EE600AB0EE481AF1EE480A0FF030
:101C700007F9A84880ED020A62E39F48007801282E
:101C80007ED19DED160AA448D0ED000A9DED171AED
:101C900000EE810A9C4880ED020A9F4890ED000A00
:101CA000DDED170A20EE200A10EE101A0846FEF7A6
:101CB000AFFC41EC1A0B9DED160AF6EE000A20EE81
:101CC000200A10EE101A0846FEF7A2FCCDE9020128
:101CD0001598FEF79DFC41EC1D0B9FED900B0AF053
:101CE0007BFFB0EE40FAF0EE60FA9FED8E0B53EC06
:101CF000102B51EC1F0BFEF7FEFBCDE900019DED13
:101D0000000B51EC100B81F0004141EC1E0B53EC29
:101D10001D2BFEF77EFB41EC1C0B9DED020B53ECE3
:101D2000102BFEF770FB41EC1B0B53EC1A2BFEF74C
:101D3000C9FA41EC190BFEF77EFC744988607648BD
:101D400090ED000ADDED170A20EE200A10EE101AC1
:101D50000846FEF75DFC41EC1A0B9DED160AF6EE07
:101D6000000A20EE200A10EE101A0846FEF750FC7A
:101D700041EC1C0B1598FEF74BFC41EC1E0B00E0F0
:101D80005BE09FED660B0AF027FFB0EE40FAF0EE45
:101D900060FA9FED640B53EC102B51EC1F0BFEF718
:101DA000AAFB53EC1E2BCDE902019DED020B51EC79
:101DB000100BFEF72EFB41EC1D0B53EC1C2BFEF71A
:101DC00022FB41EC1B0B53EC1A2BFEF77BFA41EC88
:101DD000190BFEF730FC4E4988604B48D0ED020AE3
:101DE000B0EE600AB0EE481AF1EE480A0FF048F87B
:101DF000454880ED020A4548D0ED020AB0EE600A7F
:101E0000B0EE481AF1EE480A0FF03AF83F4880ED7C
:101E1000020A3F48D0ED020AB0EE600AB0EE481A5E
:101E2000F1EE480A0FF02CF8394880ED020A9FEDD8
:101E30003F0A384880ED020A82E22F4800780228E3
:101E40007CD19FED3B0A8DED040A9DED170AF0EE63
:101E5000408A2C4890ED000AF6EE000A20EE200A97
:101E600010EE101A0846FEF7D3FB41EC1A0B18EEE1
:101E7000900AFEF7CDFB41EC1E0BB0EE4E0AF0EEE1
:101E80006E0A0AF0E9FEB0EE40CAF0EE60CA1C48E5
:101E90000068FEF7BDFB41EC1D0B53EC1C2BFEF75D
:101EA0002AFB41EC1B0B53EC1A2BFEF7ACFA41EC6E
:101EB000190BFEF7C0FB0FEE100A9FED1E1ADFEDA7
:101EC0001E0AB0EE680A0EF0DBFFF0EE408AF5EE77
:101ED000C08AF1EE10FA4ED00A48D0ED000AB6EEF4
:101EE000001AB0EE4F0A01EE600A28E05802002006
:101EF000540200206C020020C4010020A4A700208E
:101F00003402002030020020B0A70020C4A7002027
:101F1000D8A70020ECA70020380200200000000015
:101F20000000084000000000000000400000000029
:101F3000D7231F440AD7A33E48E1FABEC8E0DDED2F
:101F4000150A20EE200AC0EE0F0AFE48C0ED020A74
:101F5000FD48D0ED000AB6EE001AB0EE4F0A01EED1
:101F6000200ADDED150A20EE200AC0EE0F0AF74820
:101F7000C0ED020A09E09DED150AF24880ED020A63
:101F80009DED150AF14880ED020A9FEDF10A28EE59
:101F9000800A10EE101A0846FEF73AFB41EC1D0BC2
:101FA00018EE900AFEF734FB41EC1C0B1FED231BCF
:101FB000B0EE4C0AF0EE6C0A09F0E6FFB0EE40BA63
:101FC000F0EE60BA9FEDE30B53EC102B51EC1B0BC2
:101FD000FEF71FFA41EC190B18EE900AFEF718FBFA
:101FE00041EC1C0B1FED331BB0EE4C0AF0EE6C0AFB
:101FF00009F0CAFFB0EE40BAF0EE60BA9FEDD70B21
:1020000053EC102B51EC1B0BFEF703FA41EC1A0BAF
:1020100053EC192BFEF756F953EC1D2BCDE90001BB
:102020009DED000B51EC100BFEF7EDF941EC1E0B92
:102030009FEDCC0B53EC102BFEF744F9CDE90201D8
:102040009DED020B51EC100BFEF7F5FA0FEE900A26
:102050009FEDC60A3FEEC01A9DED040ADFEDC40AEB
:1020600041EE000ABDEEE00AC24880ED000AB54824
:10207000D0ED020AB0EE600AB0EE481AF1EE480A5E
:102080000EF0FEFEAF4880ED020AB048D0ED020A25
:10209000B0EE600AB0EE481AF1EE480A0EF0F0FE1B
:1020A000AA4880ED020A1FED5F0AB34880ED020ADC
:1020B0001FED620AB14880ED020A40F698024FF423
:1020C0004871AC4800680EF0F0FEAA49086037E19C
:1020D000AB48007803284AD19DED170A9A48D0ED05
:1020E000000A60EE200AB0EE001A80EE810ADDEDF3
:1020F000150A30EEC00A934880ED020A9DED170ADA
:102100009148D0ED000A20EE200AB0EE001AC0EE91
:10211000010A9DED150A30EE800A8C4880ED020A16
:102120008848D0ED020AB0EE600AB0EE481AF1EE2F
:10213000480A0EF0A5FE834880ED020A8348D0EDE0
:10214000020AB0EE600AB0EE481AF1EE480A0EF04C
:1021500097FE7E4880ED020A1FED8C0A864880EDCE
:10216000020A1FED8E0A854880ED020AE8E08448E5
:10217000007804287DD1744890ED000A8148D0EDA4
:10218000000A30EE200ADDED170A20EE200AB0EE3C
:10219000001AC0EE010A9DED150A30EE600A69488A
:1021A00080ED020A684890ED000A7648D0ED000AFA
:1021B00030EE200ADDED170A60EE200AB0EE001ABC
:1021C00080EE810ADDED150A30EEC00A5F4880ED31
:1021D000020A5D4890ED000A6A48D0ED000A30EE30
:1021E000200ADDED170A60EE200AB0EE001A80EE3C
:1021F000810ADDED150A30EE200A5F4880ED020A03
:10220000514890ED000A5F48D0ED000A30EE200AF8
:10221000DDED170A20EE200AB0EE001AC0EE010A2A
:102220009DED150A30EE800A544880ED020A4548BB
:10223000D0ED020AB0EE600AB0EE481AF1EE480A9C
:102240000EF01EFE3F4880ED020A4048D0ED020A23
:10225000B0EE600AB0EE481AF1EE480A0EF010FE39
:102260003A4880ED020A4448D0ED020AB0EE600A16
:1022700000E017E0B0EE481AF1EE480A0EF000FE5A
:102280003D4880ED020A3D48D0ED020AB0EE600AFA
:10229000B0EE481AF1EE480A0EF0F2FD374880ED34
:1022A000020A4DE036480078052849D19DED170A0D
:1022B0002548D0ED000A20EE200AF0EE000A80EE5C
:1022C000201A9DED150A30EE410A1E4880ED020AE3
:1022D0009DED170A1C48D0ED000A20EE200AF0EE12
:1022E000000A80EE201A9DED150A31EE000A17480B
:1022F00080ED020A1348D0ED020AB0EE600AB0EE9B
:10230000481AF1EE480A0EF0BBFD0E4880ED020AB5
:102310000E48D0ED020AB0EE600AB0EE481AF1EEB7
:10232000480A0EF0ADFD094880ED020A9FED160A3D
:10233000114880ED020A9FED140A104880ED020A50
:1023400005B023E0B0A7002030020020C4A7002081
:10235000E5D0E23F00000000D34DF43F00000080D4
:102360009318E4BF000000E07A14FC3FD7A3E03FDD
:102370000080BB44C8010020D8A70020ECA70020A3
:10238000C40100203402002000000000BDEC108BCE
:102390000FBD00001CB50121082004F023FD08201A
:1023A000009000208DF8040003208DF80500012026
:1023B0008DF807006946024800F07EFB1CBD000056
:1023C000000C024000B589B00121084604F03AFD36
:1023D0000121032004F006FD4FF40040019003208A
:1023E0008DF8090002208DF8080001208DF80A0000
:1023F0008DF80B0001A92B4800F05EFB082001902E
:1024000003208DF8090002208DF8080001208DF8C6
:102410000A008DF80B0001A9234800F04DFB0122B2
:102420000F21204800F090FB012203211E4800F0FC
:102430008BFB06A805F01CFF0020ADF818004FF636
:10244000FF7007900020ADF82000ADF81A0006A933
:102450004FF0804005F0CAFE00231A4603214FF0DA
:10246000804005F0DFFC03A805F034FD0020ADF846
:10247000140003A94FF0804005F0F5FC0121880706
:1024800005F0B2FC01221146900705F02CFD002159
:102490004FF0804005F07BFE0121880705F0A7FC86
:1024A00009B000BD000002400004024000B589B040
:1024B0000121022004F0C6FC0121022004F092FC5C
:1024C0003020019003208DF8090002208DF80800CB
:1024D00001208DF80A008DF80B0001A9204800F0BA
:1024E000EBFA022204211E4800F02EFB02220521F5
:1024F0001B4800F029FB06A805F0BAFE0020ADF845
:1025000018004FF6FF7007900020ADF82000ADF8DE
:102510001A0006A9134805F069FE00231A46032194
:10252000104805F07FFC03A805F0D4FC0020ADF8AE
:10253000140003A90B4805F096FC0121094805F099
:1025400053FC01221146074805F0CDFC0021054847
:1025500005F01DFE0121034805F049FC09B000BD4E
:10256000000402400004004000B589B001210420AD
:1025700004F068FC0121022004F034FCC02001902A
:1025800003208DF8090002208DF8080001208DF845
:102590000A008DF80B0001A9204800F08DFA0222F4
:1025A00006211E4800F0D0FA022207211B4800F045
:1025B000CBFA06A805F05CFE0020ADF818004FF637
:1025C000FF7007900020ADF82000ADF81A0006A9B2
:1025D000134805F00BFE00231A460321104805F0AE
:1025E00021FC03A805F076FC0020ADF8140003A937
:1025F0000B4805F038FC0121094805F0F5FB0122E4
:102600001146074805F06FFC0021054805F0BFFDA5
:102610000121034805F0EBFB09B000BD00040240B6
:102620000008004000B589B00121082004F00AFC30
:102630000121084604F0D6FB02220021264800F0C2
:1026400083FA02220121244800F07EFA032001903F
:1026500002208DF809008DF8080001208DF80A008D
:102660008DF80B0001A91C4800F026FA06A805F019
:10267000FFFD0020ADF818004FF6FF700790002016
:10268000ADF82000ADF81A0006A9144805F0AEFD1B
:1026900000231A460321114805F0C4FB03A805F0E6
:1026A00019FC0020ADF8140003A90C4805F0DBFB71
:1026B00001210A4805F098FB01221146074805F060
:1026C00012FC0021054805F062FD0121034805F0D8
:1026D0008EFB09B000BD000000000240000C00406D
:1026E00072B600BFFEE7000010B584480088844938
:1026F000088005208349088014E0804881490988C2
:1027000030F811007E490988884206DB7B487D4904
:10271000098830F811007A4908807A480088401CFE
:1027200078490880774800887B28E6DB7348008872
:102730007549088005207349088014E06F48714985
:10274000098830F8110070490988884206DC6B4816
:102750006C49098830F811006B4908806948008885
:10276000401C68490880674800887B28E6DB64498C
:102770000988654A1288881800EBD071C1F34F01AF
:10278000624A118005205F49088045E05B485D4949
:10279000098830F811005D490988884237DD5749BA
:1027A00058480088401C31F8100058490988884270
:1027B0002DDD524953480088801C31F810005349E0
:1027C0000988884223DD4D494E480088C01C31F8F5
:1027D00010004E490988884219DA4849494800885A
:1027E000001D31F810004949098888420FDA434931
:1027F00044480088401D31F8100044490988884247
:1028000005DA40480088801C4149088008E03D48BE
:102810000088401C3B4908803A4800887628B5DB90
:1028200000BF76203B49088045E034483949098893
:1028300030F8110035490988884237DA2F49354880
:102840000088401C31F810003049098888422DDA90
:102850002A4930480088801C31F810002B4909882B
:10286000884223DA25492B480088C01C31F8100023
:1028700026490988884219DD204926480088001D1C
:1028800031F810002149098888420FDD1B49214891
:102890000088401D31F810001C490988884205DD78
:1028A0001C480088801C1C49088008E019480088E2
:1028B000401E18490880174800880528B5DC00BF6D
:1028C00015490988124A1288881800EBD071C1F3A3
:1028D0004F01124A118011460988114A1288881A3C
:1028E0000BF03CFE5A2803D90D4800880B4908809C
:1028F0000A4800880A49088010BD0000A003002093
:10290000460000203C000020480000202600002057
:10291000400000203E000020420000202400002053
:102920004400002000B5B0EE401A30EEC10A524813
:1029300080ED000A514890ED000A4F48D0ED001A92
:1029400030EE210A4D4880ED000A90ED000ADFEDDF
:102950004C1AB4EEE10AF1EE10FA04DD9FED480ADC
:1029600080ED000A0DE0454890ED000ADFED451AC4
:10297000B4EEE10AF1EE10FA03D29FED420A80EDC7
:10298000000A41480078022803D03F480078012817
:102990002CD13E48D0ED001A9FED3D2A81EE820AEF
:1029A0003548D0ED001A20EE210A3A4890ED002A71
:1029B000DFED372AC2EE221A304890ED002A01EEF0
:1029C000820A354890ED002ADFED312AC2EE221A44
:1029D000294890ED002A3148D0ED002A32EE622AD3
:1029E00001EE820A2E4880ED000A2BE02D4890ED82
:1029F000000ADFED271A80EE212A1F4890ED000A19
:102A000022EE000A284890ED002ADFED212AC2EECE
:102A1000221A1A4890ED002A01EE820A234890ED0E
:102A2000002ADFED1B2AC2EE221A134890ED002A7D
:102A30001A48D0ED002A32EE622A01EE820A1848C6
:102A400080ED000A0C4890ED000A144880ED000A61
:102A5000174890ED000ABDEEC00A10EE100A05F00E
:102A600011FC012804D19FED130A044880ED000AEF
:102A70000B4890ED000A00BD080300201003002061
:102A800000007A4400007AC4C4010020E80000205D
:102A90000000C842F0000020EC00002014030020D9
:102AA0000C030020DC000020E4000020E0000020F7
:102AB0001800002000000000F0B50A4600210023A5
:102AC000002400BF3DE0012505FA01F3156805EA81
:102AD00003049C4234D105684F000326BE40B54331
:102AE000056015794E00B5400668354305601579D7
:102AF000012D02D01579022D16D185684F000326CD
:102B0000BE40B543856055794E00B5408668354373
:102B10008560456801268E40B543456045689679D5
:102B20008E40B6B235434560C5684F000326BE40AF
:102B3000B543C560D5794E00B540C6683543C5601C
:102B4000491C1029BFD3F0BDF0B5002300244D0768
:102B5000ED0E02FA05F3CE1000F1200555F82650CF
:102B60004E07F70E0F26BE40B543CF1000F12006EA
:102B700046F82750CE1000F1200555F8265045EABA
:102B80000304CE1000F1200545F82640F0BD418336
:102B9000704701837047000010B5044607230122E7
:102BA00021460848FDF7C0FF0648FEF719F800BFA8
:102BB00002210448FDF784FF0028F9D00148FDF701
:102BC0007BFF10BD0020014010B504460723012201
:102BD00021460848FDF7A8FF0648FEF701F800BFA8
:102BE00002210448FDF76CFF0028F9D00148FDF7E9
:102BF00063FF10BD0021014010B50124D9480078C1
:102C000018B1D8480078012874D1D748007809282D
:102C100071D2DFE800F07F05122231435262710069
:102C2000D24890ED000AD24880ED000A9FEDD10A0B
:102C3000D14880ED000A012478E0CC4890ED000AEC
:102C4000CB4880ED000AC94890ED000AB1EE400A79
:102C5000C94880ED000A012468E09FEDC60AC44817
:102C600080ED000AC14890ED000AB1EE400AC2486A
:102C700080ED000A012459E0BC4890ED000AB1EE55
:102C8000400ABB4880ED000AB84890ED000AB1EE5A
:102C9000400AB94880ED000A012447E0B34890EDAE
:102CA000000AB1EE400AB24880ED000A9FEDB10A79
:102CB000B14880ED000A012438E0AC4890ED000AEC
:102CC000B1EE400AAA4880ED000AA84890ED000A3B
:102CD000A94880ED000A012428E09FEDA60AA44837
:102CE00080ED000AA14890ED000AA34880ED000A9B
:102CF00001241BE049E00DE09C4890ED000A9C484F
:102D000080ED000A994890ED000A9B4880ED000A8A
:102D100001240BE09FED970A954880ED000A9FED96
:102D2000950A954880ED000A002400BF00BF002CE2
:102D300011D19248007801280ED18C4890ED000AFC
:102D4000DFED8F0A80EE201A9FED8E0A21EE000A39
:102D50008D4880ED000AA6E08C48007801280ED14D
:102D6000824890ED000ADFED860A80EE201A9FED82
:102D7000880A21EE000A844880ED000A93E09FED66
:102D80007D0A814880ED000A8DE0774800780928A7
:102D90006AD2DFE800F06905111D283644525D0053
:102DA000724890ED000A724880ED000A9FED710AAA
:102DB000754880ED000A62E06C4890ED000A6C48AE
:102DC00080ED000A9FED720A6F4880ED000A56E020
:102DD0009FED680A664880ED000A9FED6D0A6A481B
:102DE00080ED000A4BE0614890ED000AB1EE400A28
:102DF0005F4880ED000A9FED660A634880ED000A97
:102E00003DE05A4890ED000AB1EE400A584880ED86
:102E1000000A9FED580A5C4880ED000A2FE05348F5
:102E200090ED000AB1EE400A514880ED000A9FED96
:102E3000550A554880ED000A21E09FED4E0A4C48A6
:102E400080ED000A9FED4F0A4F4880ED000A16E022
:102E5000464890ED000A464880ED000A9FED490A79
:102E6000494880ED000A0AE09FED420A404880EDA3
:102E7000000A9FED400A444880ED000A00BF00BFF1
:102E80003E480078012805D19FED3E0A3E4880ED7E
:102E9000000A08E03D480078012804D19FED3C0A73
:102EA000394880ED000A2F48007802280DD13648B5
:102EB00090ED000AF0EE000A20EE200AF2EE020A7F
:102EC00080EE201A80ED001A29E0264800780328B9
:102ED00007D024480078052803D022480078042829
:102EE0001DD1234890ED000AB5EEC00AF1EE10FAAC
:102EF00006D2254890ED000AB1EE400A80ED000AA6
:102F0000214890ED000A1948D0ED000A20EE200A71
:102F1000DFED1B0A80EE201A1B4880ED001A1448D2
:102F200090ED000ADFED1B0A80EE201A80ED001AFA
:102F3000114890ED000ADFED170A80EE201A80EDAF
:102F4000001A114890ED000A80ED000A90ED001A79
:102F50000948D0ED000A064890ED000AFEF7BEFDD4
:102F600010BD0000C401002045020020CC0100205B
:102F7000140200200000000018020020430200207C
:102F80000000FA43DB0FC93F1C020020440200206E
:102F9000DB0FC9BF00007A4410B52DED028B9FED09
:102FA000950AB0EE408A944890ED000A934880ED6F
:102FB000000A93480088403800EE100AB8EEC00AB4
:102FC000904880ED000A90480078012821D18D4872
:102FD00090ED000AB1EE400A8C48D0ED000A20EED8
:102FE000200ADFED8B0A20EE200A8648D0ED000A89
:102FF000884890ED001A70EEC10A874890ED001ADB
:1030000060EE810A9FED821A00EEC10AB0EE408A9E
:1030100046E07D480078052821D17A4890ED000AE5
:10302000B1EE400A7D48D0ED000A20EE200ADFED27
:10303000780A20EE200A7348D0ED000A754890ED1A
:10304000001A70EEC10A764890ED001A60EE810A0F
:103050009FED6F1A00EEC10AB0EE408A20E0694889
:1030600090ED000AB1EE400A6E48D0ED000A20EE65
:10307000200ADFED670A20EE200A6248D0ED000A40
:10308000644890ED001A70EEC10A674890ED001A8E
:1030900060EE810A9FED5E1A00EEC10AB0EE408A32
:1030A000584890ED000A5B4880ED000A56480078C9
:1030B00060B9514890ED000A28EE000ADFED5B0A86
:1030C00080EE201A5A4880ED001A72E04E480078CF
:1030D00001280CD1484890ED000A28EE000ADFEDE7
:1030E000550A80EE201A524880ED001A61E04648E9
:1030F0000078022807D19FED500AC8EE000A4C481C
:10310000C0ED000A55E040480078032818D13B483C
:1031100090ED000AB5EEC00AF1EE10FA03D2B1EE5E
:10312000480AB0EE408A344890ED000A28EE000AC2
:10313000DFED420A80EE201A3D4880ED001A38E0AB
:1031400031480078052818D12C4890ED000AB5EEDA
:10315000C00AF1EE10FA03D2B1EE480AB0EE408A8E
:10316000254890ED000A28EE000ADFED300A80EED7
:10317000201A2F4880ED001A1BE02348007804280D
:1031800017D11E4890ED000AB5EEC00AF1EE10FA14
:1031900003D2B1EE480AB0EE408A174890ED000A1B
:1031A00028EE000ADFED260A80EE201A204880ED86
:1031B000001A124890ED000ADFED220A80EE201A74
:1031C00080ED001A1A4890ED000A80ED000A9FED8C
:1031D000090A1D4880ED000A154890ED001A1A48AA
:1031E000D0ED000A054890ED000AFEF777FCBDEC33
:1031F000028B10BD000000005C02002014020020C1
:1032000024000020BC020020C4010020E0010020B6
:10321000CDCCCC3DC0020020E4010020D001002034
:10322000D4010020F0010020F401002000504347A9
:103230001C0200200010A4460000E14300DC82478D
:1032400000089D4600007A441802002010B52DEDBC
:10325000028B9FEDA10AB0EE408AFEF767FB0028C3
:103260007ED19E4890ED000A9D4880ED000A9D4861
:103270000068C0F1640000EE100AB8EEC00A9A4877
:1032800080ED000A99480078012821D1964890EDF8
:10329000000AB1EE400A9648D0ED000A20EE200A5E
:1032A000DFED940A20EE200A8F48D0ED000A924804
:1032B00090ED001A70EEC10A904890ED001A60EE91
:1032C000810A9FED8F1A00EEC10AB0EE408A46E0F7
:1032D00086480078052821D1834890ED000AB1EE98
:1032E000400A8848D0ED000A20EE200ADFED860A69
:1032F00020EE200A7C48D0ED000A7F4890ED001AAD
:1033000070EEC10A814890ED001A60EE810A9FEDCF
:103310007E1A00EEC10AB0EE408A20E0724890EDBD
:10332000000AB1EE400A7A48D0ED000A20EE200AE9
:10333000DFED700A20EE200A6B48D0ED000A6E48DF
:1033400090ED001A70EEC10A724890ED001A60EE1E
:10335000810A9FED6B1A00EEC10AB0EE408A00E0D0
:103360008CE0614890ED000A634880ED000A00207F
:10337000FEF762FA5D48007860B9584890ED000A9F
:1033800028EE000ADFED640A80EE201A634880ED23
:10339000001A80E05548007801280CD14F4890ED84
:1033A000000A28EE000ADFED5E0A80EE201A5B4874
:1033B00080ED001A6FE04D480078032818D1484886
:1033C00090ED000AB5EEC00AF1EE10FA03D2B1EEAC
:1033D000480AB0EE408A414890ED000A28EE000A03
:1033E000DFED500A80EE201A4C4880ED001A52E0C2
:1033F0003E480078052818D1394890ED000AB5EE0E
:10340000C00AF1EE10FA03D2B1EE480AB0EE408ADB
:10341000324890ED000A28EE000ADFED430A80EE04
:10342000201A3E4880ED001A35E030480078042824
:1034300018D12B4890ED000AB5EEC00AF1EE10FA53
:1034400003D2B1EE480AB0EE408A244890ED000A5B
:1034500028EE000ADFED350A80EE201A2F4880EDB5
:10346000001A18E021480078022814D19FED300A94
:10347000C8EE000A2948C0ED000A0CE06420FEF7FF
:10348000DBF99FED150A164880ED000A9FED120A40
:10349000224880ED000A124890ED000ADFED250A6F
:1034A00080EE201A80ED001A1C4890ED000A80ED95
:1034B000000A9FED090A204880ED000A174890EDA8
:1034C000001A1D48D0ED000A054890ED000AFEF7ED
:1034D00005FBBDEC028B10BD000000006002002067
:1034E0001402002034000020C4020020C401002087
:1034F000E80100200AD7A33DC8020020EC0100200B
:10350000CDCC4C3DD8010020CDCCCC3DDC01002001
:10351000F8010020FC010020005043471C0200205D
:1035200000C0284600C82F4700C0DA4600089D4664
:103530000000E14300007A441802002010B52DED90
:10354000048B022003F060FE74490860032003F03E
:103550005BFE72494860042003F056FE6F498860A4
:10356000052003F051FE6D49C8606D4800780628BB
:103570001AD2DFE800F0031A354A5F76674890ED0B
:10358000000AB8EEC08A90ED010AF8EEC08A8068A1
:10359000404200EE100AB8EEC09A6048C06840424F
:1035A00000EE100AF8EEC09A70E05C4800684042F5
:1035B00000EE100AB8EEC08A58484068404200EE5B
:1035C000100AF8EEC08A55488068404200EE100AA2
:1035D000B8EEC09A514890ED030AF8EEC09A55E053
:1035E0004E4890ED000AB8EEC08A4068404200EEB6
:1035F000100AF8EEC08A494890ED020AB8EEC09A67
:1036000090ED030AF8EEC09A40E0444890ED000ABD
:10361000B8EEC08A4068404200EE100AF8EEC08A58
:103620003E4890ED020AB8EEC09A90ED030AF8EE1B
:10363000C09A2BE0394890ED000AB8EEC08A90EDB0
:10364000010AF8EEC08A8068404200EE100AB8EE27
:10365000C09A3248C068404200EE100AF8EEC09AA4
:1036600014E02E4890ED000AB8EEC08A406840424F
:1036700000EE100AF8EEC08A284890ED020AB8EE73
:10368000C09A90ED030AF8EEC09A00BF00BF9FED0C
:10369000250A28EE000A2448D0ED000A20EE200A70
:1036A0002248D0ED000A80EE201A214880ED001A51
:1036B0009FED1C0A28EE800A1B48D0ED000A20EE80
:1036C000200A1A48D0ED000A80EE201A194880ED31
:1036D000001A9FED140A29EE000A1348D0ED000AE3
:1036E00020EE200A1148D0ED000A80EE201A124880
:1036F00080ED001A9FED0B0A29EE800A0A48D0EDF2
:10370000000A20EE200A0948D0ED000A80EE201AB7
:103710000A4880ED001ABDEC048B10BD0CA80020F7
:10372000C40100200000C8422C0200202802002012
:10373000B0A70020C4A70020D8A70020ECA7002035
:103740002DE9F04107460C460025002608E03846E2
:10375000FFF722FA054405200AF0BEFD701CC6B230
:10376000A642F4DBB5FBF4F080B2BDE8F0810000C6
:1037700010B52DED0E8B0820FFF726FA0446FCF756
:103780003AFF41EC1E0B9FED180B53EC102BFCF78E
:1037900040FE41EC1D0B9FED160B53EC102BFCF77C
:1037A00038FE41EC1C0B9FED140B53EC102BFCF777
:1037B00030FE41EC1B0B9FED120B53EC102BFCF772
:1037C0009AFE41EC1A0B9FED100B53EC102BFCF7FB
:1037D00092FE41EC190BFCF72EFF08EE100AB0EE3A
:1037E000480ABDEC0E8B10BD6666666666660A40CA
:1037F00000000000000026400000008014AEEF3FF3
:10380000000000000000F03F000000000000B04099
:1038100010B50446D4F8DC0306F068FC10BD10B502
:103820000446D4F8DC0306F078FC10BD10B504465D
:10383000206807F045FB10BD10B50446206807F06E
:1038400046FB10BD10B502460023C1EB011402F186
:10385000140000EB84008371C1EB011402F1140029
:1038600000EB8400C371C1EB011402F1140000EB02
:1038700084004374C1EB011402F1140000EB8400D6
:103880000374002010BD0246C1EB011302F11400C5
:1038900000EB830090F8380070470246C1EB01133B
:1038A00002F1140000EB8300406A704770B50446D3
:1038B0000D46002600BF94F8D403012801D1022050
:1038C00070BD012084F8D40300BF2946206807F0AA
:1038D0000FFB00BF002084F8D40300BF3046EFE7A1
:1038E0002DE9FF5F04460D4616469B46DDE90E783E
:1038F000DDF840A000BF94F8D403012803D10220D2
:1039000004B0BDE8F09F012084F8D40300BF00217B
:10391000C5EB051204F1140000EB82004171C5EB08
:10392000051104F1140000F821B0C5EB051100EBFE
:1039300081004570C5EB051104F1140000EB810016
:1039400080F8128006F07F01C5EB051204F1140027
:1039500000EB8200817029462046FFF773FF06F0D6
:103960008000802808D10121C5EB051204F1140064
:1039700000EB8200C17007E00021C5EB051204F1E5
:10398000140000EB8200C170206807F0A0FA8146A5
:10399000B8F1010F09D1012F07D1B9F1000F04D1FE
:1039A000BAF1BC0F01D94FF0BC0AC5EB051104F107
:1039B000140000EB81000771C5EB051204F114003F
:1039C00000EB8200A0F814A01FFA8AF0CDE900787D
:1039D00002905B4632462946206807F065FB03905B
:1039E00000BF002084F8D40300BF039888E770B5B7
:1039F00004460D461646D4F8DC0306F01FFC70BDE5
:103A00002DE9F05F04460D4616461F46DDE90C9B86
:103A1000DDE90A8AC5EB051104F1140000EB810011
:103A2000C670C5EB051104F1140000EB810087742A
:103A3000B8F1000F10D10321C5EB051204F11400F9
:103A400000EB82008175C5EB051104F1140000EB59
:103A5000810080F805B007E00221C5EB051204F1F2
:103A6000140000EB8200817537B1012F6FD0022F57
:103A700051D0032F6CD187E0B8F1010F4AD136BB8A
:103A8000B9F1000F08D10121C5EB051204F11400B2
:103A900000EB820080F82910C5EB051104F1140039
:103AA00000EB810090F8290040B90021C5EB051218
:103AB00004F1140000EB820081752BE00221C5EBBC
:103AC000051204F1140000EB8200817522E0C5EBC1
:103AD000051104F1140000EB81008079012819D14F
:103AE000C5EB051104F1140000EB810090F82800EB
:103AF00040B90021C5EB051204F1140000EB82006F
:103B0000817507E00221C5EB051204F1140000EBFA
:103B10008200817579E0E6B9C5EB051104F1140066
:103B200000EB810090F8290040B90021C5EB051297
:103B300004F1140000EB8200817524E00221C5EB42
:103B4000051204F1140000EB820081751BE052E0C5
:103B50005AE0C5EB051104F1140000EB810090F868
:103B6000280040B90021C5EB051204F1140000EB58
:103B70008200817507E00221C5EB051204F11400F3
:103B800000EB8200817540E0D6B9C5EB051104F168
:103B9000140000EB810090F8290040B90021C5EB2A
:103BA000051204F1140000EB8200817522E002216D
:103BB000C5EB051204F1140000EB8200817519E0D9
:103BC000C5EB051104F1140000EB810090F828000A
:103BD00040B90021C5EB051204F1140000EB82008E
:103BE000817507E00221C5EB051204F1140000EB1A
:103BF0008200817509E00021C5EB051204F1140073
:103C000000EB8200817500E000BF00BFC5EB05112D
:103C100004F1140000EB8100C0F818A0C5EB0511F9
:103C200004F1140000EB8100C0F820900021C5EBE6
:103C3000051204F1140000EB820080F83810C5EB87
:103C4000051204F1140000EB82004162C5EB05117E
:103C500004F1140000EB810045700021C5EB051252
:103C600004F1140000EB820080F83910A279C5EB52
:103C7000051C04F1140303EB8C01206807F006FB1C
:103C8000BDE8F09F2DE9F04104462768B84620685A
:103C900007F029F901287AD1206807F06FFD08B9EB
:103CA000BDE8F081206807F069FD00F40010B0F570
:103CB000001F03D14FF4001021684861206807F00D
:103CC0005DFD00F48010B0F5801F03D14FF480102B
:103CD00021684861206807F051FD00F08060B0F174
:103CE000806F03D14FF0806021684861206807F041
:103CF00045FD00F00200022801D1216848612068DA
:103D000007F03CFD00F00050B0F1005F19D14FF01A
:103D1000005021684861D8F8400400F0010080B9E3
:103D20001021384607F0A2F8384607F077F8607A95
:103D3000022803D10121206807F0ECFC2046FFF7A0
:103D40006EFD206807F01AFD00F08070B0F1807FF2
:103D500002D1204601F0A7F9206807F00FFD00F01E
:103D60000800082805D1204600F0D8F8082021686E
:103D70004861206807F002FD00F00070B0F1007F9C
:103D800027D1206807F07AFA064600251AE035E0C8
:103D900005F00F0101208840304090B108F5A06087
:103DA00000EB4510006800F40040B0F5004F04D16E
:103DB000E9B2204600F0EBF803E0E9B2204600F05B
:103DC000D6FD6D1C6079A842E2D84FF000702168E2
:103DD0004861206807F0D2FCC0F3001070B1206881
:103DE000806920F0100021688861204601F0B6F952
:103DF0002068806940F010002168886100BF4FE7AB
:103E000038B504460CB9012038BD256894F8D503AF
:103E100028B9002084F8D403204600F035F80320A8
:103E200084F8D503B5F1A04F01D10021A17120681C
:103E300006F09EFF207C8DF8000094E80F0006F04D
:103E400027FF20B1022084F8D5030120DCE70121FF
:103E5000206807F0E6FC20B1022084F8D503012099
:103E6000D2E7207C8DF8000094E80F0007F0D2FB29
:103E700020B1022084F8D5030120C5E7012084F891
:103E8000D5030020C0E700003EB5044601210846E6
:103E900002F0A8FF0121802002F0B4FF4FF4C050CF
:103EA000019002208DF8080003208DF80900002001
:103EB0008DF80B0001A90E48FEF7FEFD0A220B212A
:103EC0000B48FEF741FE0A220C210948FEF73CFE92
:103ED00043208DF8000005208DF8010000208DF8AA
:103EE000020001208DF80300684602F06DF83EBD27
:103EF0000000024010B50446D4F8DC0306F0CDF90A
:103F000010BD10B50446D4F8DC0306F0CAF910BDA4
:103F100010B50446206807F066FC10BD10B50446D5
:103F2000D4F8DC0306F052F910BD10B5044600BF0A
:103F300094F8D403012801D1022010BD012084F897
:103F4000D40300BF0121206806F03CFF206806F082
:103F50005EFF00BF002084F8D40300BF00BFECE781
:103F600010B5044600BF94F8D403012801D1022003
:103F700010BD012084F8D40300BF206807F085FC41
:103F800000BF002084F8D40300BF00BFF0E72DE994
:103F9000F04105460C46D5F8008046462146286883
:103FA00007F0DDFB00F00400042813D1042106F51E
:103FB000A06000EB441081600721C4EB041205F1FE
:103FC000140000EB820080F839102146286806F0C2
:103FD0008FFF72E02146286807F0C1FB00F4807073
:103FE000B0F5807F14D14FF4807106F5A06000EB2E
:103FF000441081600821C4EB041205F1140000EBA9
:10400000820080F839102146286806F071FF54E0DC
:104010002146286807F0A3FB00F00800082813D108
:10402000082106F5A06000EB441081600621C4EB76
:10403000041205F1140000EB820080F839102146CB
:10404000286806F055FF38E02146286807F087FB0E
:1040500000F48060B0F5806F14D14FF4806106F5F4
:10406000A06000EB441081600921C4EB041205F14B
:10407000140000EB820080F839102146286806F011
:1040800037FF1AE02146286807F069FB00F080003E
:10409000802812D1802106F5A06000EB44108160D9
:1040A0000721C4EB041205F1140000EB820080F834
:1040B00039102146286806F01BFF2146286807F0C2
:1040C0004EFB00F40070B0F5007F0BD1214628684C
:1040D00006F00EFF4FF4007106F5A06000EB4410EF
:1040E0008160DCE02146286807F039FB00F0010020
:1040F00000287ED0202106F5A06000EB44108160EE
:10410000C4EB041105F1140000EB8100C079012813
:1041100013D10021C4EB041205F1140000EB82005E
:10412000C17106F5A06000EB4410406820F48031B6
:1041300006F5A06000EB44104160A879A8B1C4EB7B
:10414000041105F1140000EB8100C16906F5A060BF
:1041500000EB44100069C0F31200091AC4EB04120A
:1041600005F1140000EB820041620121C4EB04124E
:1041700005F1140000EB820080F839100021C4EB37
:10418000041205F1140000EB82000163012106F521
:10419000A06000EB44108160C4EB041105F1140031
:1041A00000EB8100807C40B1C4EB041105F11400E8
:1041B00000EB8100807C02280AD12146286806F0A5
:1041C00097FE102106F5A06000EB4410816034E0FA
:1041D000C4EB041105F1140000EB8100807C03287E
:1041E0000AD0C4EB041105F1140000EB8100807CBF
:1041F00000E068E0012820D106F5A06000EB441043
:10420000006840F0005106F5A06000EB441001602A
:104210000121C4EB041205F1140000EB820080F8C8
:104220003810C4EB041105F1140000EB810090F884
:10423000382021462846FFF7DAFBA87901282FD13C
:10424000C4EB041105F1140000EB8100C4EB04126F
:10425000416A05F1140000EB8200808A0844401E88
:10426000C4EB041205F1140101EB8201898AB0FB51
:10427000F1F000F00100002811D0C4EB041105F1A9
:10428000140000EB810090F8280080F00101C4EBDD
:10429000041205F1140000EB820080F8281064E39A
:1042A000C4EB041105F1140000EB810090F8280024
:1042B00080F00101C4EB041205F1140000EB820050
:1042C00080F8281051E32146286807F048FA00F0EA
:1042D0002000202824D1202106F5A06000EB441006
:1042E0008160C4EB041105F1140000EB81008079BA
:1042F0000128D4D10121C4EB041205F1140000EB14
:104300008200C1710321C4EB041205F1140000EB1B
:10431000820080F839102146286806F0E9FD24E380
:104320002146286807F01BFA00F0020002287DD120
:10433000022106F5A06000EB44108160C4EB04117B
:1043400005F1140000EB810090F83900012812D12A
:104350000221C4EB041205F1140000EB820080F886
:1043600039100121C4EB041205F1140000EB8200A6
:1043700080F8381037E2C4EB041105F1140000EBAB
:10438000810090F83900062812D10221C4EB0412F2
:1043900005F1140000EB820080F839100521C4EB10
:1043A000041205F1140000EB820080F838101AE2C4
:1043B000C4EB041105F1140000EB810090F8390002
:1043C000072809D0C4EB041105F1140000EB8100AB
:1043D00090F8390009287ED10221C4EB041205F1BE
:1043E000140000EB820080F83910C4EB041105F1D1
:1043F000140000EB8100006B401CC4EB041205F1BB
:10440000140101EB82010863C4EB041105F11400EF
:1044100000EB8100006B022837D90021C4EB0412A5
:1044200005F1140000EB8200016300E0E8E1C4EB59
:10443000041105F1140000EB8100807901281AD1E4
:104440000021C4EB041205F1140000EB8200C171DD
:10445000C4EB041205F1140000EB8200017206F5B2
:10446000A06000EB4410406820F4803106F5A060A5
:1044700000EB441041600421C4EB041205F1140068
:1044800000EB820080F83810ADE10221C4EB041289
:1044900005F1140000EB820080F83810C4EB041121
:1044A00005F1140000EB8100807C40B1C4EB0411E5
:1044B00005F1140000EB8100807C0228E4D106F5B0
:1044C000A06000EB4410076827F0804747F00047E2
:1044D00006F5A06000E003E000EB4410076082E115
:1044E000C4EB041105F1140000EB810090F83900D1
:1044F000052872D10221C4EB041205F1140000EB6F
:10450000820080F83910C4EB041105F1140000EBAF
:104510008100C0790128B7D1C4EB041105F1140062
:1045200000EB8100807C032858D1C4EB041105F115
:10453000140000EB8100406B401CC4EB041205F139
:10454000140101EB82014863C4EB041105F114006E
:1045500000EB8100406B022835D90021C4EB041226
:1045600005F1140000EB82004163C4EB041205F175
:10457000140000EB8200C171C4EB041105F11400BA
:1045800000EB8100006B032807D20121C4EB041269
:1045900005F1140000EB8200017206F5A06000EB4B
:1045A0004410406820F4803106F5A06000EB441010
:1045B00041600421C4EB041205F1140000EB8200F9
:1045C00080F8381013E00221C4EB041205F1140046
:1045D00000EB820080F8381009E028E00221C4EBEB
:1045E000041205F1140000EB820080F83810C4EBCF
:1045F000041105F1140000EB8100807C40B1C4EB94
:10460000041105F1140000EB8100807C02280DD11B
:1046100006F5A06000EB4410076827F0804747F0DC
:10462000004706F5A06000EB44100760DBE0C4EB38
:10463000041105F1140000EB810090F83900032803
:104640005ED10221C4EB041205F1140000EB8200DC
:1046500080F83910C4EB041105F1140000EB81005F
:10466000C07901284BD10221C4EB041205F11400DA
:1046700000EB820080F8381006F5A06000EB4410D3
:10468000406840F4803106F5A06000EB44104160C2
:1046900006F5A06000EB4410C06840F0400106F54C
:1046A000A06000EB4410C16006F5A06000EB441070
:1046B000C06820F0200106F5A06000EB4410C16046
:1046C000C4EB041105F1140000EB8100807C40B1C3
:1046D000C4EB041105F1140000EB8100807C02287A
:1046E0000DD106F5A06000EB4410076827F0804765
:1046F00047F0004706F5A06000EB4410076072E049
:10470000C4EB041105F1140000EB810090F83900AE
:10471000042830D10221C4EB041205F1140000EB8F
:10472000820080F83910C4EB041205F1140000EB8C
:10473000820080F83810C4EB041105F1140000EB7E
:104740008100807C40B1C4EB041105F1140000EB42
:104750008100807C022846D106F5A06000EB441061
:10476000076827F0804747F0004706F5A06000EB98
:104770004410076037E0C4EB041105F1140000EBAE
:10478000810090F83900082821D10221C4EB0412DD
:1047900005F1140000EB820080F83910C4EB04111D
:1047A00005F1140000EB8100006B401CC4EB041207
:1047B00005F1140101EB820108630421C4EB04122A
:1047C00005F1140000EB820080F838100BE0C4EB18
:1047D000041105F1140000EB810090F83900022863
:1047E00001D1BDE8F081C4EB041105F1140000EB28
:1047F000810090F8382021462846FFF7F8F8B4E009
:104800002146286806F0ABFF00F04000402823D185
:10481000402106F5A06000EB441081600521C4EB47
:10482000041205F1140000EB820080F83910C4EB8B
:10483000041105F1140000EB8100807938B90021E2
:10484000C4EB041205F1140000EB82000163214661
:10485000286806F04DFB88E02146286806F07FFFB7
:1048600000F0100010287ED1C4EB041105F11400F3
:1048700000EB8100807C032815D10021C4EB0412D9
:1048800005F1140000EB820001630421C4EB041263
:1048900005F1140000EB820080F8391021462868E9
:1048A00006F026FB30E0C4EB041105F1140000EB28
:1048B0008100807C40B1C4EB041105F1140000EBD1
:1048C0008100807C02281FD10021C4EB041205F175
:1048D000140000EB82000163A87940B1C4EB04111D
:1048E00005F1140000EB8100C07901280CD10421EE
:1048F000C4EB041205F1140000EB820080F83910BB
:104900002146286806F0F4FAC4EB041105F11400FE
:1049100000EB8100C07901281FD10021C4EB0412F3
:1049200005F1140000EB8200C17106F5A06000EBF8
:104930004410406820F4803106F5A06000EB44107C
:10494000416006F5A06000EB4410C06840F0200113
:1049500006F5A06000EB4410C160102106F5A060D0
:1049600000EB441000E000E0816000BF39E72DE972
:10497000F04705460C46D5F800904E46214628687B
:1049800006F0EDFE00F00400042813D1042106F522
:10499000A06000EB441081600721C4EB041205F114
:1049A000140000EB820080F839102146286806F0D8
:1049B0009FFA76E32146286806F0D1FE00F0200039
:1049C000202865D1202106F5A06000EB441081600D
:1049D000C4EB041105F1140000EB810040790128BB
:1049E0001DD10021C4EB041205F1140000EB82007C
:1049F00041710221C4EB041205F1140000EB8200A6
:104A000080F838100321C4EB041205F1140000EB08
:104A1000820080F839102146286806F069FAC4EB54
:104A2000041105F1140000EB810080790128C0D148
:104A3000C4EB041105F1140000EB8100C0790028DB
:104A4000B7D1C4EB041105F1140000EB8100807CA8
:104A5000012807D00121C4EB041205F1140000EB7A
:104A60008200C1710321C4EB041205F1140000EBB4
:104A7000820080F839102146286806F039FA0021B2
:104A8000C4EB041205F1140000EB8200016308E39B
:104A90002146286806F063FE00F40070B0F5007F40
:104AA0000BD14FF4007106F5A06000EB441081605B
:104AB0002146286806F01CFAF3E22146286806F031
:104AC0004EFE00F00100E8B30021C4EB041205F132
:104AD000140000EB820001632146286806F03FFEC7
:104AE00000F0400040280DD10121C4EB041205F173
:104AF000140000EB82004171402106F5A06000EB3C
:104B000044108160C4EB041105F1140000EB810036
:104B1000C07998B10021C4EB041205F1140000EB38
:104B20008200C17106F5A06000EB4410406820F4DB
:104B3000803106F5A06000EB44104160012106F5CC
:104B4000A06000E00FE000EB44108160C4EB0412B1
:104B500005F1140000EB820080F839102146286826
:104B600006F0C6F99DE22146286806F0F8FD00F03F
:104B7000400040282BD10521C4EB041205F114009C
:104B800000EB820080F83910C4EB041105F1140029
:104B900000EB8100807938B90121C4EB041205F1E2
:104BA000140000EB820041710021C4EB041205F1F6
:104BB000140000EB820001632146286806F098F992
:104BC000402106F5A06000EB4410816069E22146B7
:104BD000286806F0C4FD00F00800082813D1082159
:104BE00006F5A06000EB441081600621C4EB0412BE
:104BF00005F1140000EB820080F839102146286886
:104C000006F076F94DE22146286806F0A8FD00F08E
:104C10001000102833D10021C4EB041205F1140058
:104C200000EB820001630421C4EB041205F11400BF
:104C300000EB820080F83910C4EB041105F1140078
:104C400000EB8100407978B9C4EB041105F1140040
:104C500000EB8100007938B90121C4EB041205F1A1
:104C6000140000EB820041712146286806F040F9EB
:104C7000102106F5A06000EB4410816011E221468E
:104C8000286806F06CFD00F08000802855D1A879D6
:104C900068B90721C4EB041205F1140000EB82008F
:104CA00080F839102146286806F022F93EE0C4EB6E
:104CB000041105F1140000EB8100006B401CC4EBF3
:104CC000041205F1140101EB82010863C4EB041125
:104CD00005F1140000EB8100006B02281DD90021B2
:104CE000C4EB041205F1140000EB820001630421FF
:104CF000C4EB041205F1140000EB820080F83810B8
:104D0000C4EB041105F1140000EB810090F8382089
:104D100021462846FEF76BFE08E00221C4EB041290
:104D200005F1140000EB820080F83810802106F5B0
:104D3000A06000EB44108160B3E12146286806F0D2
:104D40000EFD00F48060B0F5806F14D10921C4EB32
:104D5000041205F1140000EB820080F8391021469E
:104D6000286806F0C5F84FF4806106F5A06000EBF6
:104D70004410816095E12146286806F0F0FC00F0BF
:104D8000020002287DD1022106F5A06000EB44104C
:104D90008160C4EB041105F1140000EB810090F870
:104DA0003900012876D10221C4EB041205F1140068
:104DB00000EB820080F839100121C4EB041205F1E8
:104DC000140000EB820080F83810C4EB041105F1E8
:104DD000140000EB8100807C022808D0C4EB041191
:104DE00005F1140000EB8100807C032851D1A879E3
:104DF00088B9C4EB041105F1140000EB810090F8B0
:104E0000290080F00101C4EB041205F1140000EB4D
:104E1000820080F82910A8790128E7D1C4EB041199
:104E200005F1140000EB8100006A002831D0C4EBCA
:104E3000041105F1140000EB8100C4EB0412016AB7
:104E400005F1140000EB8200808A0844401EC4EB88
:104E5000041205F1140101EB8201898AB0FBF1F81B
:104E600008F001000028E1D0C4EB041105F11400A2
:104E700000EB810090F8290080F00101C4EB0412DE
:104E800001E00DE106E005F1140000EB820080F87E
:104E90002910F8E0C4EB041105F1140000EB8100C7
:104EA00090F8390003281BD10221C4EB041205F14C
:104EB000140000EB820080F83910C4EB041105F1F6
:104EC000140000EB8100C079012808D10221C4EB55
:104ED000041205F1140000EB820080F83810D2E0D3
:104EE000C4EB041105F1140000EB810090F83900C7
:104EF00004282ED10221C4EB041205F1140000EBAA
:104F0000820080F83910C4EB041205F1140000EBA4
:104F1000820080F83810C4EB041105F1140000EB96
:104F20008100C079012813D10021C4EB041205F1DE
:104F3000140000EB8200C17106F5A06000EB441084
:104F4000406820F4803106F5A06000EB4410416019
:104F500099E0C4EB041105F1140000EB810090F816
:104F60003900052811D10221C4EB041205F1140007
:104F700000EB820080F83910C4EB041205F1140034
:104F800000EB820080F838107DE0C4EB041105F1DD
:104F9000140000EB810090F83900062812D102219C
:104FA000C4EB041205F1140000EB820080F8391004
:104FB0000521C4EB041205F1140000EB820080F817
:104FC000381060E0C4EB041105F1140000EB81001F
:104FD00090F83900072809D0C4EB041105F114003A
:104FE00000EB810090F8390009284AD10221C4EB76
:104FF000041205F1140000EB820080F83910C4EBB4
:10500000041105F1140000EB8100006B401CC4EB9F
:10501000041205F1140101EB82010863C4EB0411D1
:1050200005F1140000EB8100006B022811D900216A
:10503000C4EB041205F1140000EB820001630421AB
:10504000C4EB041205F1140000EB820080F8381064
:1050500019E00221C4EB041205F1140000EB8200F8
:1050600080F8381006F5A06000EB4410076827F0C0
:10507000804747F0004706F5A06000EB441007604A
:1050800001E0BDE8F087C4EB041105F1140000EB6A
:10509000810090F8382021462846FEF7A8FC00E061
:1050A000EFE700BFEDE77CB5044626683546D5F846
:1050B00040040190D5F840040090009820F02E00A4
:1050C0000090019800F0020002280AD1019800F037
:1050D000010010B12046FEF79BFB009840F0020053
:1050E0000090019800F0080008282AD1009840F0AC
:1050F00008000090019800F0040004281ED1607A96
:1051000002280FD1019800F4C020B0F5802F04D1FF
:105110000221206806F0FEFA0CE00121206806F06A
:10512000F9FA07E0E079012804D14EF6602140F257
:10513000044041512046FEF7E4FE02E02046FEF71F
:10514000D9FE019800F02000202803D1009840F0FB
:10515000200000900098C5F840047CBD2DE9F84F70
:105160000546D5F800B05F462868D0F8208008F0E2
:105170000F04C8F343400090C8F30A1600980228B1
:1051800006D003287DD005287CD007287BD18CE071
:10519000002E79D0C4EB041105F1140000EB81005E
:1051A000806900287DD0C4EB041105F1140000EBE8
:1051B0008100406A8119C4EB041205F1140000EB70
:1051C0008200006A814263D8B2B2C4EB041C05F1CC
:1051D000140303EB8C039969286806F0D4FAC4EB36
:1051E000041105F1140000EB810080698119C4EB02
:1051F000041205F1140000EB82008161C4EB04117C
:1052000005F1140000EB8100406A8119C4EB04121F
:1052100005F1140000EB8200416207F5A06000EB8D
:1052200044100069C0F3C94AC4EB041105F114002D
:1052300000EB8100808AB04233D1BAF1000F30D048
:1052400007F5A06000EB4410D0F8009029F08049E9
:1052500049F0004907F5A06000EB4410C0F8009049
:10526000C4EB041105F1140000EB810090F8280054
:1052700080F00101C4EB041205F1140000EB820080
:1052800003E011E00EE00EE00BE080F8281008E0EB
:105290000421C4EB041205F1140000EB820080F835
:1052A000381003E002E000BF00BF00BF00BFBDE850
:1052B000F88F00BFFEE7000010B500200E4908601F
:1052C0000E48006820F440000C4908600846006859
:1052D00040F48000086000200949C1F8AC020120B8
:1052E00009F01AF801200449086009F015F80020B7
:1052F0000349C1F8A80210BDA88240420004024040
:10530000008040421CB50121022001F06BFD4FF4EA
:105310004060009001208DF8040000208DF8060008
:1053200003208DF8050001208DF807006946054827
:10533000FDF7C2FB0120044908600449C1F8AC0232
:105340001CBD000000040240A88240420080404290
:1053500010B500200E4908600E48006820F4400097
:105360000C4908600846006840F48000086001208D
:105370000949C1F8AC0208F0CFFF012004490860D8
:1053800008F0CAFF00200449C1F8A80210BD0000BF
:10539000A8824042000402400080404270B50546A9
:1053A00000241748006820F44000154908600846AA
:1053B00000680860002619E00020124908600120FA
:1053C00008F0AAFF01201049C1F8A8026006040EE7
:1053D0000C487C38006810B144F0010401E024F06E
:1053E0000104012008F098FF701CC6B2082EE3DB10
:1053F00015B9FFF761FF01E0FFF7AAFF204670BD76
:1054000000040240A88240420080404270B5044639
:105410000D46002600F01AF8204600F09FF800F034
:105420006BF8284600F09AF800F066F800F00EF8E5
:1054300044F0010000F092F800F05EF80120FFF760
:10544000ADFF064600F034F8304670BD10B5154883
:10545000006820F44000134908600846006840F4E2
:10546000800008600120104908601048D0F82C0224
:1054700000B910BD01200C49091F086008F04CFF5D
:1054800000200A49C1F8AC0207488038006800B122
:10549000EFE7012008F040FF00200349091F0860E2
:1054A00000BFE6E700040240AC8240420080404278
:1054B00010B50E48006820F440000C49086008460A
:1054C000006840F48000086000200949086009492C
:1054D000C1F8AC02012008F01FFF01200449086058
:1054E0000449C1F8AC0208F017FF10BD00040240E7
:1054F000A88240420080404210B500241448006851
:1055000020F4400012490860084600680860012045
:105510001049086008F000FF01200F49C1F8A802F7
:1055200008F0FAFE0AE0601CC4B2322C03DDFFF77B
:10553000BFFF002010BD012008F0EEFE05488038B6
:1055400000680028EFD10349091F08600120F1E736
:1055500000040240AC8240420080404270B50446E4
:105560001448006820F440001249086008460068AA
:1055700040F48000086000200F490860002516E014
:10558000E0090D49091D08606006040E012008F0BD
:10559000C3FE01200949C1F8A80208F0BDFE0020A1
:1055A00005490860012008F0B7FE681CC5B2082D47
:1055B000E6DB70BD00040240A88240420080404209
:1055C00010B50021D020FFF721FF10BD30EEC01A2A
:1055D000234880ED001A90ED001A2248D0ED001A01
:1055E00031EE611A2048D0ED001A21EE211A1F4831
:1055F000D0ED001A1A4890ED002A01EE821A1C48DC
:10560000D0ED001A31EE211A80ED001A90ED001A4B
:10561000DFED181AB4EEE11AF1EE10FA03DD9FED9A
:10562000151A80ED001A124890ED001ADFED121ADB
:10563000B4EEE11AF1EE10FA03D29FED0F1A80EDED
:10564000001A074890ED001A064880ED001A084835
:1056500090ED001ABDEEC11A11EE100A704700005D
:105660008802002090020020200200202402002056
:105670008C02002000408346004083C630EEC01AF2
:10568000234880ED001A90ED001A2248D0ED001A50
:1056900031EE611A2048D0ED001A21EE211A1F4880
:1056A000D0ED001A1A4890ED002A01EE821A1C482B
:1056B000D0ED001A31EE211A80ED001A90ED001A9B
:1056C000DFED181AB4EEE11AF1EE10FA03DD9FEDEA
:1056D000151A80ED001A124890ED001ADFED121A2B
:1056E000B4EEE11AF1EE10FA03D29FED0F1A80ED3D
:1056F000001A074890ED001A064880ED001A084885
:1057000090ED001ABDEEC11A11EE100A70470000AC
:10571000940200209C02002020020020240200208D
:105720009802002000408346004083C630EEC01A35
:10573000234880ED001A90ED001A2248D0ED001A9F
:1057400031EE611A2048D0ED001A21EE211A1F48CF
:10575000D0ED001A1A4890ED002A01EE821A1C487A
:10576000D0ED001A31EE211A80ED001A90ED001AEA
:10577000DFED181AB4EEE11AF1EE10FA03DD9FED39
:10578000151A80ED001A124890ED001ADFED121A7A
:10579000B4EEE11AF1EE10FA03D29FED0F1A80ED8C
:1057A000001A074890ED001A064880ED001A0848D4
:1057B00090ED001ABDEEC11A11EE100A70470000FC
:1057C000A0020020A80200202002002024020020C5
:1057D000A402002000408346004083C630EEC01A79
:1057E000234880ED001A90ED001A2248D0ED001AEF
:1057F00031EE611A2048D0ED001A21EE211A1F481F
:10580000D0ED001A1A4890ED002A01EE821A1C48C9
:10581000D0ED001A31EE211A80ED001A90ED001A39
:10582000DFED181AB4EEE11AF1EE10FA03DD9FED88
:10583000151A80ED001A124890ED001ADFED121AC9
:10584000B4EEE11AF1EE10FA03D29FED0F1A80EDDB
:10585000001A074890ED001A064880ED001A084823
:1058600090ED001ABDEEC11A11EE100A704700004B
:10587000AC020020B40200202002002024020020FC
:10588000B002002000408346004083C61CB50121C1
:10589000102001F0A7FA0120009000208DF80400EC
:1058A00003208DF8050001208DF8070069460248A5
:1058B000FDF702F91CBD00000010024070B52DED8F
:1058C000028B002400269FED730AB0EE408A00256B
:1058D00000BF5BE0704800EBC40090ED010ADFED13
:1058E0006F0AB4EEE00AF1EE10FA0BDC6A4800EB46
:1058F000C40090ED010ADFED6A0AB4EEE00AF1EEB1
:1059000010FA42D2644830F8340000283DDD624885
:1059100030F83400B0F5E17F37DA701CC6B25E486B
:1059200000EBC40090ED010ADFED5D0AB4EEE00A81
:10593000F1EE10FA09D2584800EBC40090ED010ACC
:1059400030EE080AB0EE408A18E0534800EBC4007D
:1059500090ED010ADFED510AB4EEE00AF1EE10FA23
:105960000CDD4D4800EBC40090ED010ADFED4D0A5F
:1059700030EE600A30EE080AB0EE408A464830F851
:105980003400FA2801DA681CC5B2641CB4F5906FC3
:10599000A0DB9FED450A454880ED000A2EB99FED3A
:1059A0003D0A434880ED000A65E0082D0ADD9FEDC1
:1059B000410A3E4880ED000A9FED360A3C4880EDE2
:1059C000000A58E09FED330A384880ED000AB5EE32
:1059D000C08AF1EE10FA27DD3748007828B99FED2C
:1059E0002D0A324880ED000A04E09FED2F0A2F486F
:1059F00080ED000A30480078022805D19FED2F0A7B
:105A00002B4880ED000A36E02B480078012805D1AC
:105A1000B6EE000A264880ED000A2CE0B7EE080A30
:105A2000234880ED000A26E02348007828B99FED3E
:105A3000190A1E4880ED000A04E09FED1B0A1B486E
:105A400080ED000A1C480078022805D19FED1C0A51
:105A5000174880ED000A0EE017480078012805D1AC
:105A6000BEEE000A124880ED000A04E0BFEE080A0C
:105A70000F4880ED000A0E4890ED001A1148D0ED55
:105A8000000A0A4890ED000AFCF728F8BDEC028BEA
:105A900070BD000000000000A42E0020000096430E
:105AA000000070420000B4439A99993E140200200D
:105AB0001C0200209A9999BEC4010020DB0F493FC7
:105AC000DB0F49BF1802002070B500264FF6FF75A6
:105AD00000241BE0904830F83400002815DD8E4883
:105AE00030F83400B0F5C86F0FDA761C8A4830F809
:105AF0003400A84209DA884830F8345000EBC4007A
:105B000090ED010A854880ED000A641CB4F5906FA1
:105B1000E0DB824890ED000ADFED810AB4EEE00A96
:105B2000F1EE10FA07DD90ED000ADFED7E0A30EEAF
:105B3000600A80ED000A794890ED000A7A48D0EDBD
:105B4000000A30EE600AF2EE040AB4EEE00AF1EE6A
:105B500010FA0EDC714890ED000A7348D0ED000A8F
:105B600030EE600AFAEE040AB4EEE00AF1EE10FA42
:105B700010D26E480078401CC0B26C4908701E28D4
:105B800018DD00200870654890ED000A664880ED39
:105B9000000A0FE065480078401CC0B263490870F5
:105BA0000A2807DD002008705C4890ED000A5E4876
:105BB00080ED000A082E17DA5D480088282804DAEC
:105BC0005B480088401C5A490880594800882828AA
:105BD00009DB9FED580A584880ED000A9FED550AF1
:105BE000564880ED000A8AE000205149088052485A
:105BF00090ED000ADFED520AB4EEE00AF1EE10FA81
:105C000008DC90ED000ADFED4F0AB4EEE00AF1EE99
:105C100010FA2DD2B5F52F7F1DDA434890ED000A1A
:105C2000DFED490AB4EEE00AF1EE10FA08DC90ED7F
:105C3000000ADFED460AB4EEE00AF1EE10FA0AD2ED
:105C4000394890ED000ADFED420A20EE200A3B4879
:105C500080ED000A11E0DFED370A334890ED000ACD
:105C6000FCF760FEB1EE400A344880ED000A04E023
:105C70009FED300A314880ED000A284890ED000A77
:105C8000DFED340AB4EEE00AF1EE10FA08DC90ED34
:105C9000000ADFED310AB4EEE00AF1EE10FA17D295
:105CA000DFED2E0A00EE105AB8EE400AFBF77EFE3A
:105CB000B1EE400A204880ED000A1B4890ED000A32
:105CC000DFED230A20EE200A1C4880ED000A0AE0DE
:105CD000DFED220A00EE105AB8EE400AFBF766FE2E
:105CE000154880ED000A9FED1E1ADFED1E0A1248CE
:105CF00090ED000A0BF0C4F80F4880ED000A0F4841
:105D000090ED001A1848D0ED000A0B4890ED000AFB
:105D1000FBF7E4FE70BD0000A42E0020D00200209E
:105D2000000034430000B443D4020020D802002015
:105D3000CC02002000000000140200201C02002001
:105D40008FC2753D8FC275BD00007042000070C2E9
:105D50002E9020BC00001643000016C30000FA433A
:105D60009A99193F9A9919BF1802002070B5002618
:105D70009FED470A474880ED000A002035E046497C
:105D800001EBC00191ED010ADFED440AB4EEE00A37
:105D9000F1EE10FA28DD404901EBC00191ED010A56
:105DA000DFED3F0AB4EEE00AF1EE10FA1CD23D49F5
:105DB000096849B9384931F830103B4A116039490E
:105DC0000968491C374A1160334931F83020364997
:105DD000096864318A4207D2711CCEB22E4931F86B
:105DE000304004B92C462546401CB0F5906FC6DB08
:105DF0002E48007818B12D480078012818D12A487B
:105E000090ED000AF8EE400A00EE104AB8EE400AA3
:105E1000FBF7B2F9264880ED000A9FED1D0A1D48E8
:105E200080ED000A9FED230A234880ED000A17E069
:105E30001D4890ED000AF8EE400A00EE104AB8EE58
:105E4000400AFBF799F91C4880ED000A9FED100A03
:105E5000104880ED000A9FED170A154880ED000AF2
:105E60004EB99FED140A124880ED000A9FED110A09
:105E7000114880ED000A104890ED001A0C48D0ED52
:105E8000000A044890ED000AFBF728FE70BD0000F0
:105E90009A99993E14020020A42E00200000864307
:105EA00000008843E0020020DC020020C401002042
:105EB00018020020000000001C02002000B5264946
:105EC000D1ED010AB0EE600A00EE900AB8EEE01AD9
:105ED000414200EE901AF8EEE00A0AF0D1FF1E49A6
:105EE00081ED010A1D49D1ED010AB0EE600A00EE14
:105EF000900AB8EEE01A414200EE901AF8EEE00A7D
:105F00000AF0BEFF154981ED010A1549D1ED010ADC
:105F1000B0EE600A00EE900AB8EEE01A414200EEE0
:105F2000901AF8EEE00A0AF0ABFF0D4981ED010A84
:105F30000C49D1ED010AB0EE600A00EE900AB8EE0D
:105F4000E01A414200EE901AF8EEE00A0AF098FFDB
:105F5000044981ED010A00BDB0A70020C4A70020BC
:105F6000D8A70020ECA7002010B57521D020FFF79E
:105F70004DFA10BD10B501220D490E4804F04CF841
:105F800008B1FCF7ADFB0C490A4804F0EFFD08B17D
:105F9000FCF7A6FB0949074804F0E8FD08B1FCF747
:105FA0009FFB044804F04CFE08B1FCF799FB10BDC0
:105FB00059AC000854AD00205003002070030020AD
:105FC00000BFFEE77047000070B5002100230F22DC
:105FD000C4781CB3174C246804F4E064C4F5E0648E
:105FE000C4F30721C1F10404E3B20A4144789C40A0
:105FF000E1B28478144021430C07210E0E4C057841
:106000006155047804F01F050124AC4005786D113A
:10601000AD0005F1E025C5F8004109E0047804F081
:106020001F050124AC40054D0678761145F8264041
:1060300070BD00000CED00E000E400E080E100E055
:1060400002490143024A1160704700000000FA054E
:106050000CED00E030B500240CE0002506E0002047
:10606000074901EBC5010855681CC5B2802DF6DB58
:10607000601CC4B2082CF0DB00F02AF930BD00002F
:10608000A00400202DE9F04F06460F4690461C461E
:10609000DDF824A04FF0000BE11704EB5171C9109B
:1060A000A4EBC10131B92046E11704EB5171C1F3F2
:1060B000C70506E02046E11704EB5171C910491CE1
:1060C000CDB23D4615E02946304600F04DF9B146C7
:1060D0000BE059460BF1010B1AF80100012100F009
:1060E00035FA09F1010000F0FF09C145F1DB681C38
:1060F000C5B2A542E7DBBDE8F08F0000F0B514465D
:1061000000267F2801DC3F2900DDF0BD0B46CF17BC
:1061100001EB5777FF10C7F10707FAB2CF1701EB72
:106120005777FF10A1EBC707FDB2C5F107070123A1
:10613000BB40DEB24CB10A4B03EBC0039B5C334364
:10614000074F07EBC007BB5408E0054B03EBC00348
:106150009B5CB343024F07EBC007BB5400BFD4E7BF
:10616000A0040020F0B506460D46174600243A4626
:1061700029463046FFF7C2FF3A4629463046FFF728
:10618000BDFF00BF07E02819C1B23A463046FFF70D
:10619000B5FF601CC4B2082CF5DBF0BD1CB50121B5
:1061A000082000F01FFE4FF4F040009001208DF811
:1061B000040000208DF806008DF805008DF807001A
:1061C00069464048FCF778FC0121080700F03AFED8
:1061D000012000F001FE002000F0D8FE002000F0B9
:1061E000FBFD002038490860642008F075F80120A4
:1061F0003649C1F8B0020021AE2000F0A7F9002115
:10620000D52000F0A3F90021502000F09FF90021D3
:10621000A82000F09BF900213F2000F097F9002111
:10622000D32000F093F90021084600F08FF90021F7
:10623000402000F08BF900218D2000F087F900212B
:10624000142000F083F90021202000F07FF90021C4
:10625000022000F07BF90021A12000F077F9002155
:10626000C02000F073F90021DA2000F06FF900215E
:10627000122000F06BF90021812000F067F9002165
:10628000EF2000F063F90021D92000F05FF9002130
:10629000F12000F05BF90021DB2000F057F900212C
:1062A000302000F053F90021A42000F04FF9002124
:1062B000A62000F04BF90021AF2000F047F9FFF7CE
:1062C000C9FE1CBD000C0240B08241420080414228
:1062D00030B500241CE004F1B001C8B2002100F088
:1062E00035F90021084600F031F90021102000F0B6
:1062F0002DF9002508E0084901EBC501085D0121E1
:1063000000F024F9681CC5B2802DF4DB601CC4B217
:10631000082CE0DB30BD0000A004002030B50024D4
:106320001CE004F1B001C8B2002100F00FF9002117
:10633000084600F00BF90021102000F007F90025B5
:1063400008E0084901EBC501085D012100F0FEF8F5
:10635000681CC5B2802DF4DB601CC4B2022CE0DBEB
:1063600030BD0000A004002030B504460D4605F104
:10637000B001C8B2002100F0E9F8102141EA141080
:10638000002100F0E3F804F00F00002100F0DEF837
:1063900030BD00002DE9F04F80460C4615461E46E4
:1063A000A346A5F12000C5B200273EE00C2E07D180
:1063B00005EB45001F4901EB800010F8079004E051
:1063C0001D4800EB051010F807904FF0000A26E07A
:1063D00009F0800028B121464046099AFFF78EFE59
:1063E00009E0099808B9012000E000200246214692
:1063F0004046FFF783FE4FEA49604FEA1069601C90
:10640000C4B2A4EB0B00B04205D15C4608F1010018
:1064100000F0FF0806E00AF1010000F0FF0ABAF1FF
:10642000080FD5DB00BF781CC7B2B742BEDBBDE8A2
:10643000F08F000070280108E42C01082DE9FF4FBF
:1064400081B0074691461E460E9D4FF0000A00247B
:1064500039E0301B401EC1B20A2008F086F8B9FBB3
:10646000F0F00A21B0FBF1F201FB1208BAF1000FC3
:1064700016D1701EA04213DDB8F1000F0ED101201D
:10648000AB4605EBDB71491001FB04710090C8B20B
:106490002B4620220299FFF77DFF12E04FF0010A00
:1064A0000120AB4605EBDB71491001FB0471009044
:1064B000C8B208F13001CAB22B460299FFF76AFF51
:1064C00000BF601CC4B2B442C3DB05B0BDE8F08FAE
:1064D00078B505460E46144618E07A2D03DD0025F2
:1064E00006F11000C6B23A2E04DD0020054606462D
:1064F000FFF7B0FD0120009022780C23314628469A
:10650000FFF748FF05F10800C5B2641C2078002899
:10651000E3D178BD30B5002410E00A4830F814000B
:1065200009490988884201DA012500E000252A4648
:1065300000212046FFF716FE601CC4B2802CECDB65
:1065400030BD0000A00300202600002010B50A4640
:106550001AB10123124C236002E00023104C236087
:10656000002116E000230E4C0C34236000F0800361
:106570001BB10123241F236003E00023084C0834CF
:1065800023600123064C0C3423604306180E4B1C79
:10659000D9B20829E6DB0123014C236010BD0000BD
:1065A000AC82414210B50248FDF76CFB10BD000003
:1065B00034A800200020174908709FED170A1748DB
:1065C00080ED000A9FED140A154880ED000A9FED4A
:1065D000120A144880ED000A9FED0F0A124880ED60
:1065E000000A0020114908709FED110A114880ED42
:1065F000000A9FED0F0A104880ED000A9FED0C0A7B
:106600000E4880ED000A9FED0A0A0D4880ED000A51
:1066100070470000700000200000004300020020CE
:1066200004020020080200200C0200204202002088
:106630000000000014020020180200201C020020AC
:1066400010020020012001490870704770000020EE
:1066500001460148405C7047AC080020002004E07F
:106660000021034A1154411CC8B20928F8DB7047C5
:10667000AC08002038B504460120009000201E49D7
:106680004870012000902EE0BDF80000204018B1B5
:1066900001201A49086002E0002018490860012022
:1066A000164910390860052007F036FE002014490D
:1066B000C1F8A002052007F02FFE01201049C1F803
:1066C000A0020846D0F83C0230B10B484078BDF833
:1066D0000010084308494870BDF800004FF6FF71EC
:1066E00001EA40000090BDF80000FF28CCDD10203A
:1066F00007F012FE38BD0000AC080020B002424294
:10670000000042422DE9F04114269148007801280A
:106710007DD1904890ED000ADFED8F0A30EE600ADF
:10672000B1EE400ABDEEC00A10EE104A8B4890ED63
:10673000000ADFED890A30EE600AB1EE400ABDEED4
:10674000C00A10EE107A864890ED000ADFED820A4A
:1067500030EE600AB1EE400ABDEEC00A10EE105AEB
:106760007042874202DDB74200DA0027704284425D
:1067700002DDB44200DA00247042854202DDB542F7
:1067800000DA002577480078401CC0B275490870CF
:106790000F2828D100200870734890ED000AF2EE0F
:1067A000060AB4EE600AF1EE10FA09D16F4890EDD6
:1067B000000AF1EE040A30EE200A80ED000A12E031
:1067C000694890ED000AF2EE020AB4EE600AF1EEBA
:1067D00010FA08D1654890ED000AF1EE040A30EE97
:1067E000600A80ED000A614890ED000AB5EEC00A2B
:1067F000F1EE10FA03D29FED5E0A80ED000A00EE82
:10680000107AB8EEC00A5948D0ED000A00E091E0D5
:1068100020EE200ADFED500A80EE201A554880ED68
:10682000001A00EE104AB8EEC00A5048D0ED000A37
:1068300020EE200ADFED480A80EE201A4E4880ED57
:10684000001A00EE105AB8EEC00ADFED4C0A20EE36
:10685000200ADFED410A80EE201A494880ED001A37
:106860004848007818B14748007801280FD14448BB
:1068700090ED000A3D48D0ED000A20EE200ADFED41
:10688000420A80EE201A3E4880ED001A3BE03D4867
:10689000007802280DD13A4890ED000AF0EE000A87
:1068A00020EE200AF2EE020A80EE201A80ED001A95
:1068B00029E034480078032807D0324800780528BA
:1068C00003D03048007804281DD12A4890ED000AF2
:1068D000B5EEC00AF1EE10FA06D2294890ED000A92
:1068E000B1EE400A80ED000A254890ED000A1F48ED
:1068F000D0ED000A20EE200ADFED230A80EE201AF8
:106900001F4880ED001A1B4890ED000ADFED1F0ABA
:1069100080EE201A80ED001A174890ED000ADFED96
:106920001B0A80EE201A80ED001A154890ED000A2F
:1069300080ED000A124890ED001A0F48D0ED000AD1
:106940000C4890ED000AFBF7C9F8BDE8F0810000A3
:106950004202002000020020000000430402002048
:1069600008020020B802002010020020CC01002004
:10697000000000001402002018020020DB0FC93FB5
:106980001C020020C40100200000FA4300007A44E9
:1069900010B5FFF763FE00F069F90F48C0780E49A3
:1069A000097940EA01200D49088000240FE00C48D5
:1069B00010F81400401E012101FA00F0074909886F
:1069C000084010B9601CC0B210BD601CC4B2102CCD
:1069D000EDDB0020F8E70000AC080020720000208A
:1069E0007600002010B5002013490860102007F041
:1069F00093FC0120FFF73EFE4320FFF73BFE002003
:106A0000FFF738FE0120FFF735FE0020FFF732FECA
:106A10000020FFF72FFE0020FFF72CFE0020FFF7DD
:106A200029FE0020FFF726FE01200449C1F8A80234
:106A3000102007F071FC10BDA80242420000424243
:106A400010B5002013490860102007F065FC0120F4
:106A5000FFF710FE4320FFF70DFE0020FFF70AFEB0
:106A60000020FFF707FE5A20FFF704FE5A20FFF729
:106A700001FE5A20FFF7FEFD5A20FFF7FBFD5A20CA
:106A8000FFF7F8FD01200449C1F8A802102007F023
:106A900043FC10BDA8024242000042421CB5012145
:106AA000102000F09FF94FF40040009000208DF876
:106AB000040003208DF8050002208DF807006946C8
:106AC0000B48FBF7F9FF4FF4A850009001208DF818
:106AD000040000208DF8060002208DF8050001203A
:106AE0008DF8070069460248FBF7E6FF1CBD000071
:106AF0000010024010B5FFF74BFF00EE100AB8EE91
:106B0000400A4E4880ED000A0720FFF7A1FD00EE85
:106B1000100AB8EE400A4A4880ED000A0820FFF744
:106B200097FD00EE100AB8EE400A464880ED000AD4
:106B30000520FFF78DFD00EE100AB8EE400A42482E
:106B400080ED000A0620FFF783FD00EE100AB8EE84
:106B5000400A3E4880ED000A394890ED000AB5EE43
:106B6000C00AF1EE10FA3DD1364890ED000AB5EEBC
:106B7000C00AF1EE10FA35D1334890ED000AB5EEB7
:106B8000C00AF1EE10FA2DD1304890ED000AB5EEB2
:106B9000C00AF1EE10FA25D1284890ED000AF7EE70
:106BA000000AB4EE600AF1EE10FA1BD19FED280A3C
:106BB000254880ED000A9FED260A244880ED000A52
:106BC0009FED230A1E4880ED000A9FED210A1D4813
:106BD00080ED000A9FED1F0A184880ED000A002092
:106BE0001D490870154890ED000AF1EE000AB4EE58
:106BF000600AF1EE10FA05D11748007810B90120AB
:106C00001649086015480068B8B10E4890ED000AB2
:106C1000DFED130AB4EEE00AF1EE10FA0DD20E48E1
:106C2000007850B90F484068B0F57A7F05DB012045
:106C30000949087000200C49087010BD100200209E
:106C40000002002004020020080200200C020020A4
:106C500000000043000000004202002098000020D5
:106C60000000EC4200A800203D0200201CB50020DE
:106C700001900120009000202549086025490878EE
:106C8000FFF7F8FC23494878FFF7F4FC0220019055
:106C900036E00120009027E001201D4908390860F6
:106CA000052007F039FB00201B49C1F8A002052090
:106CB00007F032FB01201849C1F8A0020846D0F8BD
:106CC0003C0250B115489DF80410405CBDF800101E
:106CD000084312499DF804208854BDF800004FF67F
:106CE000FF7101EA40000090BDF80000FF28D3DDED
:106CF000102007F011FB9DF80400401CC0B2019069
:106D00009DF804000928C4DB0120014908601CBD6E
:106D1000A80242427400002000004242AC08002059
:106D200010B500F00BF800F009F800F007F8FFF7D5
:106D300059FE00F025F8FFF783FE10BD10B50020C6
:106D40000D490860102007F0E7FA0120FFF792FCD8
:106D50004220FFF78FFC0020FFF78CFC0020FFF79C
:106D600089FC0020FFF786FC01200449C1F8A80235
:106D7000102007F0D1FA10BDA802424200004242A2
:106D800010B50020124908600120FFF773FC442071
:106D9000FFF770FC0020FFF76DFC0120FFF76AFC95
:106DA0000320FFF767FC0020FFF764FC0020FFF7DB
:106DB00061FC0020FFF75EFC0020FFF75BFC012078
:106DC0000449C1F8A802102007F0A6FA10BD00007F
:106DD000A802424200004242014908627047000096
:106DE00000000E4229B1064A12680243044B1A60A1
:106DF00004E0034A12688243014B1A6070470000A6
:106E00003038024029B1064A12680243044B1A6026
:106E100004E0034A12688243014B1A607047000085
:106E20003438024029B1064A12680243044B1A6002
:106E300004E0034A12688243014B1A607047000065
:106E40001438024029B1064A12680243044B1A6002
:106E500004E0034A12688243014B1A607047000045
:106E60004038024029B1064A12680243044B1A60B6
:106E700004E0034A12688243014B1A607047000025
:106E80004438024029B1064A12680243044B1A6092
:106E900004E0034A12688243014B1A607047000005
:106EA00024380240F0B500210022002402250026EB
:106EB0000223324F3F6807F00C0121B1042905D0AD
:106EC000082937D105E02E4F076036E02D4F0760C7
:106ED00033E02A4F3F1F3F68C7F38056274F3F1FBD
:106EE0003F6807F03F036EB1264FB7FBF3F7DFF8BB
:106EF0008CC0ACF1040CDCF800C0CCF3881C07FBA0
:106F00000CF40CE01E4FB7FBF3F7DFF870C0ACF1E8
:106F1000040CDCF800C0CCF3881C07FB0CF4174F02
:106F20003F1F3F68C7F301477F1C7D00B4FBF5F7A7
:106F3000076002E0124F076000BF00BF0F4F3F68BD
:106F400007F0F0010909104F7A5C0768D7404760E5
:106F50000A4F3F6807F4E051890A0B4F7A5C476893
:106F6000D7408760054F3F6807F46041490B064FE3
:106F70007A5C4768D740C760F0BD0000083802401F
:106F80000024F40000127A00360100200021094A92
:106F900011701170012802D0042808D103E00121EA
:106FA000044A117004E00521024A117000E000BF9C
:106FB00000BF7047703802402DE9F04103468C460F
:106FC0004FF4E1770025002100240026002072E024
:106FD000DFF8888108EBC00898ED010ADFED600A50
:106FE000B4EEE00AF1EE10FA0CDCDFF8708108EB89
:106FF000C00898ED010ADFED5B0AB4EEE00AF1EE9D
:1070000010FA57D2DFF8548138F83080B8F1000F09
:1070100050DDDFF8488138F83080B8454ADA05F1AC
:1070200001081FFA88F5DFF8348108EBC00898EDF5
:10703000010ADFED4C0AB4EEE00AF1EE10FA10D2CC
:10704000DFF8188108EBC008D8ED010A00EE104AFD
:10705000B8EEC00A30EE800ABDEEC00A10EE104A4B
:1070600020E0DFF8F88008EBC00898ED010ADFEDBA
:107070003C0AB4EEE00AF1EE10FA13DDDFF8DC8032
:1070800008EBC00898ED010ADFED370A70EE600AE0
:1070900000EE101AB8EEC00A30EE800ABDEEC00A4B
:1070A00010EE101ADFF8B48038F83080B8F1FA0F1B
:1070B00000DA761C401CB0F5906F89DB93ED000A76
:1070C000B5EEC00AF1EE10FA46DD082D44DD082EBB
:1070D0000CDB93ED000AFEEE080A20EE200A83ED99
:1070E000000A9FED220A82ED000A35E004EB010858
:1070F000B8F1000F18DD93ED000AF6EE000A20EE5D
:10710000200A83ED000ADFF8688098F80080B8F163
:10711000020F04D19FED170A82ED000A1CE0B7EEC2
:10712000000A82ED000A17E093ED000AF6EE000A6D
:1071300020EE200A83ED000ADFF8348098F8008002
:10714000B8F1020F04D19FED0C0A82ED000A03E0B2
:10715000BFEE000A82ED000ABDE8F081A42E0020F7
:1071600000009643000070420000B443000000009D
:10717000C4010020C3B8323FC3B832BF70B5002489
:10718000002500201B4908601B49C1F89002FAF74E
:107190009FFC012019490860FAF79AFC0020184961
:1071A000C1F89402FAF794FC012012490860FAF73A
:1071B0008FFC00201049C1F89002FAF789FC00BF4B
:1071C00015E000200B490860FAF782FC0420FBF769
:1071D000E3FC00110B4921F81500681CC5B2012021
:1071E0000749C1F89402FAF773FC601CC4B2802C02
:1071F000E7DB70BD940240420000414290024142F0
:1072000000004042A00300200146022906D00329C5
:107210000DD0042912D005291ED116E04FF080426E
:10722000526A10B200224FF080435A6216E00C4AB4
:10723000126810B200220A4B1A600FE0094A126865
:1072400010B20022074B1A6008E0074A126810B219
:107250000022054B1A6001E0002000BF00BF70470C
:107260002404004024080040240C004010B52DEDFB
:10727000088BB0EE40BAF0EE60BAB0EE418AF0EEA4
:10728000618AB0EE429AF0EE629AB0EE43AA51ECF7
:107290001B0BF9F7D0F91D490860084680ED018AFB
:1072A000C0ED058ABDEEC90A80ED020ABDEEE90A0D
:1072B00080ED030A80ED04AAC06880008968484315
:1072C00000EE100AB8EEC00A114880ED000A0F481F
:1072D00090ED040ADFED0F0A20EE200A0E4880ED43
:1072E000000A0A4890ED000A0C4880ED000A0748A1
:1072F00090ED010A0A4880ED000A044890ED050A65
:10730000084880ED000ABDEC088B10BD1CA80020C9
:1073100028020020DB0F49402C0200203002002010
:10732000340200203802002010B540F205103B491D
:1073300008600A210920FCF703FA3849096890FB24
:10734000F1F03749087008460078052801DD05206E
:1073500008703348007806285ED2DFE800F0031298
:1073600021303F4E9FED2F3AF2EE0A2AB3EE0E2A5D
:10737000DFED2D1A9FED2D1A9FED2D0BFFF776FFF8
:107380004AE09FED2D3AF2EE0A2AB3EE0E2ADFED27
:107390002B1A9FED251A9FED2A0BFFF767FF3BE0A5
:1073A0009FED293AF2EE0A2AB3EE0E2ADFED1E1AFD
:1073B0009FED261A9FED260BFFF758FF2CE09FED5F
:1073C000223AF2EE0A2AB3EE0E2ADFED171A9FEDEB
:1073D000161A9FED210BFFF749FF1DE09FED1A3AAA
:1073E000F2EE0A2AB3EE0E2ADFED0F1A9FED1C1AF9
:1073F0009FED1C0BFFF73AFF0EE09FED1C3AF2EEFB
:107400000A2AB3EE0E2ADFED081A9FED071A9FED48
:10741000180BFFF72BFF00BF00BF10BDC0010020FD
:10742000C40100209A99993D000000007B14AE3DF4
:10743000022B8716D9CEB73F8FC2753D643BDF3D27
:107440000000000000000000B81E853DBC74133E23
:10745000000000806ABCC43F000000A0EFA7C63F48
:10746000E926313E000000C09DEFC73FC520303DFA
:10747000000000E07A14CE3F01214170002101702C
:107480004160017201214172418170470CB50020B9
:10749000019000903448006840F480303249086020
:1074A00000BF3148006800F4003000900198401C93
:1074B0000190009818B90198B0F5A04FF1D12A4871
:1074C000006800F4003010B10120009001E00020BD
:1074D00000900098012846D123484030006840F0D1
:1074E00080502149403108602048006840F4404005
:1074F0001E4908601C48083000681B4908310860B4
:107500000846006840F4004008600846006840F4FF
:10751000A05008601648091F0860081F006840F066
:107520008070091F086000BF0F48006800F00070FD
:107530000028F9D040F205700E4908600A4808306A
:10754000006820F003000849083108600846006818
:1075500040F00200086000BF03480830006800F0F7
:107560000C000828F8D10CBD003802400070004023
:1075700008544007003C024070B5049C002807DA1C
:1075800044F29F151E4E356005441E4E356006E0E0
:1075900044F29F151B4E35602D1A194E3560002997
:1075A00006DA44F29F15184E75630D44B56305E085
:1075B00044F29F15144EB5636D1A7563002A06DAFE
:1075C00044F29F15114E75631544B56305E044F20E
:1075D0009F150E4EB563AD1A7563002B06DA44F2A3
:1075E0009F150A4E35641D44F56305E044F29F156E
:1075F000064EF563ED1A3564054D2C6070BD000034
:107600003448014034440140004001400000014042
:107610004004014000B5F0EE403AF0EE602AB0EED2
:10762000413A9FED6E0AB0EE402A6D48007820B1D5
:107630009FED6C0AB0EE402A03E09FED680AB0EEC1
:10764000402AF5EEC03AF1EE10FA07DD664890EDFB
:10765000000A30EE020A80ED000A1AE0F5EEC03AA8
:10766000F1EE10FA07D2604890ED000A30EE420ABF
:1076700080ED000A0DE0F5EEC03AF1EE10FA08D107
:10768000594890ED000ADFED590A20EE200A80EDFE
:10769000000AF5EEC02AF1EE10FA07DD524890ED2F
:1076A000010A30EE020A80ED010A1AE0F5EEC02A66
:1076B000F1EE10FA07D24C4890ED010A30EE420A82
:1076C00080ED010A0DE0F5EEC02AF1EE10FA08D1C6
:1076D000454890ED010ADFED450A20EE200A80EDD5
:1076E000010AB5EEC03AF1EE10FA07DD3E4890ED22
:1076F000020A30EE020A80ED020A1AE0B5EEC03A44
:10770000F1EE10FA07D2384890ED020A30EE420A44
:1077100080ED020A0DE0B5EEC03AF1EE10FA08D1A4
:10772000314890ED020ADFED310A20EE200A80EDAB
:10773000020AB0EE630A06F045FEB0EE404AB0EE33
:10774000630A06F03FFEB1EE400AF0EE404A2648DA
:10775000D0ED000AB0EE600AB0EE441AF0EE640A12
:1077600009F08EFB204880ED000AB0EE620A06F0B8
:1077700029FEB0EE404AB0EE620A06F023FEB1EEFA
:10778000400AF0EE404A1848D0ED010AB0EE600A17
:10779000B0EE441AF0EE640A09F072FB124880ED74
:1077A000010AB0EE430A06F00DFEB0EE404AB0EE1C
:1077B000430A06F007FEB1EE400AF0EE404A0A48DE
:1077C000D0ED020AB0EE600AB0EE441AF0EE640AA0
:1077D00009F056FB044880ED020A00BD0AD7233C9D
:1077E00042020020CDCC4C3DA4A700206666663F37
:1077F000042808D14FF0E021096941F004014FF05D
:10780000E022116107E04FF0E021096921F0040155
:107810004FF0E0221161704710B50AF081FD012898
:1078200001D00AF095F910BD10B51548006840F474
:107830007000134908601348006840F001001149C6
:10784000086000200F49083108600E4800680E49A2
:1078500008400C4908600D48091D0860081F0068B1
:1078600020F48020091F0860002006490C310860C0
:10787000FFF70CFE4FF0006001498039086010BD31
:1078800088ED00E000380240FFFFF6FE10300024D3
:10789000F0B50C46154600210022068C4FF6FE7707
:1078A0003E400684018B028C4FF60C7631407E1CE4
:1078B00006EA03162E4331434FF6F576324044F084
:1078C0000106324301830284F0BDF0B50C46154633
:1078D000002100220026078C4FF6EF7C07EA0C07F8
:1078E0000784018B028C4FF6FF7707EA041640F6F7
:1078F000FF4739404FF6FF7707EA033739434FF622
:10790000FF7707EA052739434FF65F773A4046F09D
:1079100010073A4301830284F0BDF0B50C461546CA
:10792000002100220026078C4FF6FF6C07EA0C07A7
:107930000784818B028C4FF6FF7707EA04264FF607
:107940000C7739404FF6FF7707EA03172F43394387
:107950004FF2FF573A4046F480773A4381830284DE
:10796000F0BDF0B50C461546002100220026078C1C
:107970004EF6FF7C07EA0C070784818B028C4FF6DA
:10798000FF7707EA043640F6FF4739404FF6FF77A6
:1079900007EA052739434FF6FF7707EA03373943EC
:1079A00045F6FF773A4046F480573A438183028494
:1079B000F0BD000030B58BB005460C460121022019
:1079C000FFF710FA01214804FFF74CFA03220821BF
:1079D0001E48FBF7B9F802208DF81C0000208DF836
:1079E0001E004FF48070069001208DF81F000320C8
:1079F0008DF81D0006A91548FBF75EF80995ADF84E
:107A000020400020ADF82800ADF8220008A9104859
:107A100000F0ECFB6020ADF804000120ADF806009A
:107A20000020ADF8100001A9094800F065FA08210E
:107A3000074800F09FFA0121054800F0C9F901212B
:107A4000034800F0D4F90BB030BD00000004024040
:107A50000044014030B58BB005460C4601210220A0
:107A6000FFF7C0F901218804FFF7FCF9032209217F
:107A70002048FBF769F802208DF81C0000208DF8E3
:107A80001E004FF40070069001208DF81F000320A7
:107A90008DF81D0006A91748FBF70EF80995ADF8FB
:107AA00020400020ADF82800ADF8220008A91248B7
:107AB00000F09CFB6020ADF804000120ADF806004A
:107AC0000020ADF8100001A90B4800F015FA0821BC
:107AD000094800F04FFA0121074800F094F901210C
:107AE000054800F075F90121034800F080F90BB05A
:107AF00030BD0000000402400048014030B58BB0AA
:107B000005460C4601210846FFF7ACF9012110207B
:107B1000FFF768F9012209213448FBF715F8012223
:107B20000B213248FBF710F801220D212F48FBF7FB
:107B30000BF801220E212D48FBF706F84FF4D44034
:107B4000099002208DF8280003208DF829000020DC
:107B50008DF82A0001208DF82B0009A92348FAF797
:107B6000ABFF0795ADF818400120ADF820000020CC
:107B7000ADF81A0006A91E4800F038FB6020ADF8E9
:107B800004000120ADF806000020ADF8100001A9A6
:107B9000174800F0B1F901A9154800F0F5F901A95D
:107BA000134800F051FA01A9114800F0A7FA012189
:107BB0000F4800F028F908210D4800F0DBF90821F2
:107BC0000B4800F033FA0821094800F08DFA08212B
:107BD000074800F0CFFA0121054800F0F9F801212B
:107BE000034800F004F90BB030BD00000010024063
:107BF000000001404FF08040008A4FF08040008A32
:107C000020F001004FF0804108827047044800884E
:107C10000348008820F001000149088070470000F7
:107C200010040040044800880348008820F0010048
:107C3000014908807047000010080040044800888F
:107C40000348008820F001000149088070470000C7
:107C5000100C0040044800880348008820F0010010
:107C600001490880704700001018004030B58BB003
:107C700005460C4601210220FFF7F4F801210420FB
:107C8000FFF7B0F802208DF82800000209900320C9
:107C90008DF8290000208DF82A0001208DF82B0096
:107CA00009A91B48FAF708FF032209211848FAF727
:107CB0004BFF0795ADF818400020ADF82000ADF857
:107CC0001A0006A9134800F091FA6020ADF80400EC
:107CD0000120ADF8060000200390ADF81000ADF8CB
:107CE000140001A90B4800F009FA0821094800F026
:107CF00041FA00221021074800F0F5F8012105485B
:107D000000F081F80121034800F071F80BB030BD9C
:107D1000000802400004014030B58BB005460C4617
:107D200001210804FFF79EF801211020FFF75AF8FF
:107D3000032205212448FAF707FF032206212248DF
:107D4000FAF702FF6020069002208DF81C00032045
:107D50008DF81D0000208DF81E0001208DF81F00F9
:107D600006A91948FAF7A8FE0995ADF820400020A9
:107D7000ADF82800ADF8220008A9144800F036FA42
:107D80006020ADF804000120ADF806000020ADF839
:107D9000100001A90D4800F0AFF801A90B4800F050
:107DA000F3F80821094800F0E5F80821074800F039
:107DB0003DF90121054800F00BF80121034800F0CE
:107DC00016F80BB030BD000000100240004001402A
:107DD00021B1028842F08002028004E002884FF65E
:107DE0007F731A4002807047CA430282704721B1F4
:107DF000028842F00102028004E002884FF6FE731E
:107E00001A400280704731B1B0F8442042F4004279
:107E1000A0F8442005E0B0F84420C2F30E02A0F818
:107E200044207047F0B50C4615461E46002100223E
:107E300000230189028B038C4FF6F87739402143E8
:107E40004FF6FC473A4040F201173A434FF6DD77D0
:107E50003B404FF6FF7707EA06172F433B4301816C
:107E600002830384F0BD70B505460C46208850B9E6
:107E70002389A28861882846FFF70AFDE188284601
:107E800000F087F925E0208804280AD12389A288F8
:107E900061882846FFF719FDE188284600F082F93D
:107EA00017E0208808280AD12389A28861882846FB
:107EB000FFF733FDE188284600F081F909E02389C6
:107EC000A28861882846FFF74CFDE188284600F02B
:107ED0007FF970BD00210180418001218180002156
:107EE000C180018170471AB183890B43838102E00D
:107EF00083898B438381704770B50024002200235F
:107F0000058C4FF6FE7635400584028C8388048B01
:107F10004FF68F752C40B51E2C400D882C43751ED6
:107F20002A408D892A434D882A43104DA84202D009
:107F30000F4DA84213D14FF6F7752A40CD892A4339
:107F40004FF6FB752A408D882A434FF6FF652B407C
:107F50004FF6FF552B400D8A2B434D8A2B438380D0
:107F600004838D684563028470BD000000000140F9
:107F7000000401400A460021018B4FF6F7731940B7
:107F8000114301837047000070B5002400220023D4
:107F9000058C4FF6EF7635400584028C8388048B80
:107FA00048F6FF752C404FF6FF452C400D884FF6E4
:107FB000FF7606EA05252C434FF6DF752A408D89AA
:107FC00006EA05152A434D8806EA05152A43154D8C
:107FD000A84202D0144DA8421DD14FF67F752A4009
:107FE000CD894FF6FF7606EA05152A434FF6BF7591
:107FF0002A408D8806EA05152A434FF6FF352B40A7
:108000004FF2FF752B400D8A06EA85052B434D8AFA
:1080100006EA85052B43838004838D68856302848B
:1080200070BD000000000140000401400A4600212C
:10803000018B4FF2FF7319404FF6FF7303EA0223DF
:10804000194301837047000070B50024002200230B
:10805000058C4FF6FF6635400584028C8388848B3F
:108060004FF68F752C404FF6FC752C400D882C4335
:108070004FF6FF552A408D894FF6FF7606EA052513
:108080002A434D8806EA05252A43154DA84202D009
:10809000144DA8421DD14FF2FF752A40CD894FF6ED
:1080A000FF7606EA05252A434FF6FF352A408D88DC
:1080B00006EA05252A434EF6FF752B404DF6FF755F
:1080C0002B400D8A06EA05152B434D8A06EA051555
:1080D0002B43838084838D68C563028470BD000058
:1080E00000000140000401400A460021818B4FF648
:1080F000F7731940114381837047000070B5002267
:1081000000230024058C4EF6FF7635400584038C51
:108110008488828B48F6FF752A404FF6FF452A4037
:108120000D884FF6FF7606EA05252A434DF6FF75C2
:108130002B408D8906EA05352B434D8806EA053527
:108140002B430A4DA84202D0094DA84208D14BF654
:10815000FF752C400D8A4FF6FF7606EA85152C43F5
:10816000848082838D680564038470BD00000140B3
:10817000000401400A460021818B4FF2FF73194031
:108180004FF6FF7303EA022319438183704741626C
:108190007047028B4FF6F3731A400283028B0A4337
:1081A00002837047028B4FF2FF331A400283028B27
:1081B0004FF6FF7303EA01231A4302837047828B51
:1081C0004FF6F3731A408283828B0A43828370478F
:1081D000828B4FF2FF331A408283828B4FF6FF73FC
:1081E00003EA01231A4382837047000000220288B9
:1081F000184B98420ED0184B98420BD0B0F1804FDC
:1082000008D0164B984205D0154B984202D0154B1A
:10821000984204D14FF68F731A404B881A43124B81
:10822000984207D0114B984204D04FF6FF431A40B2
:108230000B891A4302804B68C3620B880385054B88
:10824000984202D0044B984201D18B7A03860123D5
:108250008382704700000140000401400004004098
:1082600000080040000C00400010004000140040D6
:108270004FF0FF3141600021018001814180817216
:108280007047000001460A2906DB0C4A12681AB141
:108290000B4A1278012A0ED101200022094B1A60E4
:1082A000094B1A60094B5A639A63094B9A639A63A4
:1082B0001A64DA6300E00020704700000C8241423B
:1082C000BC010020344401403448014000400140DA
:1082D0000000014010B540F22551FE4800F06EFC50
:1082E000002878D0FB4800F023FDC4B2FA4800789B
:1082F0006C2871D2DFE800F0364B607784F8F6F531
:10830000F4F3F2F1F0EFEEEDECEBEAE9E8E7E6E5A5
:10831000E4E3E2E1E0DFDEDDDCDBDAD9D8D7D6D595
:10832000D4D3D2D1D0CFCECDCCCBCAC9C8C7C6C585
:10833000C4C3C2C1C0BFBEBDBCBBBAB9B8B7B6B575
:10834000B4B3B2B1B0AFAEADACABAAA9A8A7A6A565
:10835000A4A3A2A1A09F9E9D9C9B9A999897969555
:1083600094939291A52C0CD1DC480470DA480078E3
:10837000401CD9490870DA4800782044D849087070
:1083800004E00020D4490870D5490870B5E15A2CA2
:108390000CD1D2484470D0480078401CCE490870B7
:1083A000CF4800782044CE49087004E00020CA4934
:1083B0000870CB490870A0E16C2C0ED1C7488470BE
:1083C000C5480078401CC4490870C548007820445E
:1083D000C349087006E091E18EE10020BE490870B3
:1083E000BF49087089E1BD48C470BB480078401C93
:1083F000B9490870BA4800782044B94908707CE14E
:10840000B6480471B4480078401CB3490870B448B9
:1084100000782044B24908706FE148E139E12AE16F
:1084200019E117E1FEE0CBE097E0FAE0C7E093E066
:10843000F6E0C3E08FE0F2E0BFE08BE0EEE0BBE00F
:1084400087E0EAE0B7E083E0E6E0B3E07FE0E2E087
:10845000AFE07BE0DEE0ABE077E0DAE0A7E073E0FE
:10846000D6E0A3E06FE0D2E09FE06BE0CEE09BE0DF
:1084700067E0CAE097E063E0C6E093E05FE0C2E057
:108480008FE05BE0BEE08BE057E0BAE087E053E0CE
:10849000B6E083E04FE0B2E07FE04BE0AEE07BE0AF
:1084A00047E0AAE077E043E0A6E073E03FE0A2E027
:1084B0006FE03BE09EE06BE037E09AE067E033E09E
:1084C00096E063E02FE092E05FE02BE08EE05BE07F
:1084D00027E08AE057E023E086E053E01FE082E0F7
:1084E0004FE01BE00DE0FFE77C4844717A480078DC
:1084F000401C794908707A4800782044784908700F
:10850000FBE07648847174480078401C724908701A
:1085100073480078204472490870EEE000BF00BF45
:1085200000BF00BF00BF00BF00BF00BF00BF00BF53
:1085300000BF00BF00BF00BF00BF00BF00BF00BF43
:1085400000BF00BF00BF00BF00BF00BF00BF00BF33
:1085500000BF00BF00BF00BF00BF04F07F01614843
:10856000007800EB40025D48C01D81545A480078F5
:10857000401C594908705A480078204458490870EE
:10858000BBE000BF00BF00BF00BF00BF00BF00BF17
:1085900000BF00BF00BF00BF00BF00BF00BF00BFE3
:1085A00000BF00BF00BF00BF00BF00BF00BF00BFD3
:1085B00000BF00BF00BF00BF00BF00BF00BF00BFC3
:1085C0004848007800EB40014448C01D084444700E
:1085D00041480078401C40490870414800782044D8
:1085E0003F49087089E000BF00BF00BF00BF00BF67
:1085F00000BF00BF00BF00BF00BF00BF00BF00BF83
:1086000000BF00BF00BF00BF00BF00BF00BF00BF72
:1086100000BF00BF00BF00BF00BF00BF00BF00BF62
:1086200000BF00BF2F48007800EB40012B48C01D61
:108630000844847028480078401C2749087028485E
:10864000007820442649087026480078401C2549B7
:10865000087052E000BF20480078401C1E49087096
:108660001F48007820441E4908701E480078401CAE
:108670001C49087041E0194880F8674016480078A6
:10868000401C1549087016480078204414490870A9
:1086900033E0124880F868400F480078401C0E49CB
:1086A00008700F48007820440D49087025E00B48F9
:1086B00080F869400020084908700A490870074896
:1086C00090F869000649097888420DD105F01AFD35
:1086D0000EE000000050004004010020382E002071
:1086E00005010020060100206A210548F7F7DFFD9B
:1086F00000200449087000E000BF00BF002010BD4A
:10870000382E00200501002010B540F22551044804
:1087100000F054FA10B1024800F00AFB002010BD2E
:108720000010014010B52DED0C8B40F22551FD4895
:1087300000F044FA00287CD0FA48001D0488E0B21A
:10874000F8F71AFC18B10120BDEC0C8B10BD4B2CB6
:1087500003D10120F449087006E0492C01D04A2CCD
:1087600002D10020F0490870EF480078A0B9412CF0
:1087700009DB482C07DC0020EC490870A4F140001C
:10878000EB49087040E0082C02DCE9490C703BE042
:108790000020E749087037E0E3480078012833D12A
:1087A000432C06D10020E34908700120E2490870FB
:1087B0000DE0472C06D10120DE4908700020DE497B
:1087C000087004E00020DB490870DB490870412C88
:1087D00001D0452C15D1D9480068401CD749086004
:1087E000052809D1002008600120D5490870002023
:1087F000D4490870CD490870A4F14000CC490870F4
:1088000002E00020CA490870582C08D1CE4890EDEB
:10881000000ADFEDCE0A30EE200A80ED000A592C66
:108820000AD1C94890ED000ADFEDC80A30EE600AAF
:1088300000E074E180ED000A612C07D1C4480068B3
:1088400008B9012000E00020C14908607B2C02D15A
:108850000120C04908707D2C02D10220BD4908705A
:10886000BC480078012808D1BB49BC4A12788C5416
:10887000BA480078401CB9490870B6480078022808
:1088800073D1B548C078502803D10120B44908708D
:1088900011E1B14840782328FAD0B0480078B149B6
:1088A00008703AE0AD490978AE4A1278881AF7F7AD
:1088B00091FE41EC1D0BB0EE4D1AF0EE6D1A9FEDDE
:1088C000AA0B03F061FBB0EE40BAF0EE60BAA54926
:1088D0000978491EA04A515CA1F13000F7F77AFEF1
:1088E00041EC1C0B53EC1B2BF7F793FD41EC190BE0
:1088F0009F480068F7F78CFE41EC1A0B53EC192BDC
:10890000F7F7E0FC41EC180BF7F795FE9849086083
:1089100094480078401E93490870924800780428D3
:10892000C0DA8248007840BB8B484078303809284C
:1089300022D2DFE800F0050C131B1C1D1E1F2000B7
:108940008B4890ED000A804880ED000A14E08848CA
:1089500090ED000A874880ED000A0DE0844890ED14
:10896000000A854880ED000A06E0B4E004E003E078
:1089700002E001E000E000BF9DE06C4800780628BE
:1089800027D1754840783038092821D2DFE800F037
:10899000050C131A1B1C1D1E1F00754890ED000AC4
:1089A000764880ED000A13E0714890ED000A7448A3
:1089B00080ED000A0CE06E4890ED000A714880EDF1
:1089C000000A05E004E003E002E001E000E000BF8F
:1089D00071E056480078052827D15F484078303844
:1089E000092821D2DFE800F0050C131A1B1C1D1EFC
:1089F0001F005F4890ED000A634880ED000A13E015
:108A00005B4890ED000A614880ED000A0CE0584890
:108A100090ED000A5E4880ED000A05E004E003E006
:108A200002E001E000E000BF45E040480078042893
:108A300027D1494840783038092821D2DFE800F0B2
:108A4000050C131A1B1C1D1E1F00494890ED000A3F
:108A5000504880ED000A13E0454890ED000A4E486A
:108A600080ED000A0CE0424890ED000A4B4880ED92
:108A7000000A05E004E003E002E001E000E000BFDE
:108A800019E02A480078032815D133484078303857
:108A900009280FD2DFE800F005060708090A0B0CC9
:108AA0000D0007E006E005E004E003E002E001E07D
:108AB00000E000BF00BF0020264908702749087069
:108AC000284908709FED360A294880ED000A3221B6
:108AD0002148F7F7ECFB1C4890ED000AB5EEC00A00
:108AE000F1EE10FA03D29FED2E0A80ED000A26481F
:108AF00090ED000AB5EEC00AF1EE10FA03D29FED38
:108B0000280A80ED000A1D4890ED000AB5EEC00A63
:108B1000F1EE10FA03D29FED220A80ED000A002048
:108B200012E60000004400404602002058020020E7
:108B3000450200204302002044020020F8000020EB
:108B40003D02002042020020CC0100200000C8426B
:108B500054020020FC00002024540020FD000020CE
:108B600047020020FE00002000000000000024401A
:108B700000010020200200202402002060020020CA
:108B8000F8010020FC0100205C020020F001002020
:108B9000F4010020C4000020C8000020CC00002008
:108BA0000000000021B1828942F40052828104E079
:108BB00082894DF6FF731A408281704770B5024674
:108BC000002400230025002040F66A16B14200D19F
:108BD00000BFC1F3421501F01F03012606FA03F39B
:108BE000012D02D19689334006E0022D02D1168A6A
:108BF000334001E0968A33400C12012606FA04F451
:108C00001688344013B10CB1012000E0002070BD83
:108C1000F0B50346002400260025002040F66A1720
:108C2000B94200D100BF1846C1F3421401F01F063B
:108C3000012707FA06F5012C01D10C3004E0022CC3
:108C400001D1103000E014301AB107682F430760DB
:108C500002E00768AF430760F0BD00002DE9FF4761
:108C600005460E460024A14600BFA046B08900B1CB
:108C700000BF2C8A24F44054F08804432C82AC8931
:108C800041F20C608443B0883189084371890843FC
:108C90000443AC81AC8A24F44074B0890443AC82B0
:108CA0006846FEF7FFF82048854202D01F488542FB
:108CB00002D1DDF80C9001E0DDF80890A88900F4FD
:108CC000004040B109EBC90000EB091031684900D0
:108CD000B0FBF1F707E009EBC90000EB09103168C0
:108CE0008900B0FBF1F76420B7FBF0F00401200924
:108CF000642101FB1078A88900F4004040B13220C3
:108D000000EBC800B0FBF1F000F00700044308E0FE
:108D1000322000EB08106421B0FBF1F000F00F00EE
:108D200004432C81BDE8FF8700100140001401407E
:108D300001468888C0F30800704770B506460D46A6
:108D4000304600F010F904464FF6FF70844207D019
:108D500045F4004104F00F0206F5B16040F822101E
:108D6000E0B270BD70B504460D462946204601F0BC
:108D7000AAF9002070BD70B504460D46A078012800
:108D800007D1022121740121617400216182A58231
:108D9000E18200221146204600F016F870BD2DE950
:108DA000FF4107460C4615461E460020012103469A
:108DB0000A468DE8320003903146384601F0D1FA78
:108DC000002004B0BDE8F0812DE9F04104460E46D4
:108DD00017460125A078012802D002282FD112E0E1
:108DE000A660A781012121760220A0700125032021
:108DF000C4F8E40500231A4604F2E451D4F8DC0573
:108E000006F04AFF1CE0204600F0CDFD05460DB1FE
:108E1000032D04D10120A0700021217603E0022D52
:108E200001D10120A0700320C4F8E40500231A46F4
:108E300004F2E451D4F8DC0506F02EFF00E000BF98
:108E400000BF2846BDE8F0812DE9FF4104460D46EC
:108E500017461E46DDF8288094F81D0508B14FF02E
:108E60000008012000231A4631468DE8A101204662
:108E700001F077FA002004B0BDE8F0817FB5064626
:108E80000C46154600200821CDE9000403460246A1
:108E9000CDE902102946304601F063FA002004B003
:108EA00070BD10B50446204605F016FA10BDF0B5A9
:108EB00006460C4615460022002106F5A7671AE073
:108EC00002EB820000EBC20C07F10A0000EB4C0140
:108ED0004879A04201D0FF2C0BD18879A84201D05B
:108EE000FF2D06D1C879984201D0FF2B01D1104641
:108EF000F0BD501CC2B2022AE2D3FF20F8E70246BE
:108F0000102909D202F5B16030F82100C0F30E0338
:108F100002F5B16040F82130002070472DE9F041A2
:108F200004460E4615461F46DDF81880A078012835
:108F300012D146F08001217406216174658205F426
:108F40007F40B0F5407F03D140F20941A18201E0AA
:108F50000021A182A4F81680424639462046FFF738
:108F600033FFBDE8F0810246002100BF0AE002F5B0
:108F7000B16030F8210000F4004008B9084670479D
:108F8000481CC1B21029F2D34FF6FF70F7E710B5B5
:108F900002460B88147823440B801378981810BD70
:108FA000F8B506460C4606F11C07B4F5807F03D9D8
:108FB00000BF00BF0320F8BD3B464FF40072002104
:108FC00030460094FFF7AAFF05462DB922463946E0
:108FD000304601F0FBF905462846ECE7F8B50546B2
:108FE0000C46B4F5806F03D900BF00BF0320F8BD65
:108FF00005F58E734FF48072002128460094FFF728
:109000008DFF064636B9224605F58E71284601F0D9
:1090100089FA06463046EAE72DE9F84305468846D0
:1090200016461C46B4F5806F00D826B900BF00BFB5
:109030000320BDE8F88348F4407205F58E730021E3
:1090400028460094FFF76AFF07462FB922463146AB
:1090500005F58E7001F06BFB3846EAE7014600200B
:1090600031B1012906D0022906D0032908D105E033
:10907000002007E0022005E0012003E0022001E0DB
:10908000022000BF00BF70472DE9F04106460127CE
:109090000125D6F88005C4696079062841D2DFE849
:1090A00000F003410D041C2B00BF06F11C0104F16C
:1090B000260000F051FB0220607134E0E18D304663
:1090C00000F05CF9054615B90420607104E0032D39
:1090D00002D100BF00BF022725E000221146304622
:1090E00000F037FC054615B90520607103E0032D3B
:1090F00001D10520607116E00021304600F03DFCF2
:10910000054645B90120607102213046D6F8D825C0
:109110009047002704E0032D02D100BF00BF0227C3
:1091200001E000BF00BF00BF3846BDE8F08100008D
:1091300070B50546284600F0D7FA4E4C4E480078E8
:10914000012861D1207800EE100AB8EE400A4B48A1
:1091500080ED000A607800EE100AB8EE400A484838
:1091600080ED000AA07800EE100AB8EE400A4548EB
:1091700080ED000AE07800EE100AB8EE400A42489E
:1091800080ED000A0820A168884728B1B2EE020AE3
:109190003E4880ED000A0EE00A20A168884728B109
:1091A000B2EE060A394880ED000A04E09FED380A65
:1091B000364880ED000A0320A168884728B1354869
:1091C000007810B901203449086033480068E0B3E2
:1091D0002B4890ED000ADFED310AB4EEE00AF1EE23
:1091E00010FA45D22B48007878BB2D484068B0F57E
:1091F0007A7F3DDB0120274908700020294908704B
:1092000001202949087033E022480078012811D153
:109210000020204908709FED1E0A244880ED000AB6
:109220009FED1B0A224880ED000A9FED190A214894
:1092300080ED000A9FED200A124880ED000A9FEDA4
:109240001E0A114880ED000A00E011E09FED1A0AA5
:109250000A4880ED000A9FED180A094880ED000ACF
:109260009FED0B0A094880ED000A00200A490860BA
:1092700070BD0000380300207000002000020020B4
:1092800004020020080200200C020020100200202E
:1092900000000000420200209C0000200000EC4280
:1092A00000A800203D0200205802002014020020E7
:1092B000180200201C0200200000004300238380CD
:1092C000C380837202810160704770B503460C460B
:1092D0002546987AF0B901209872002118E0D888C4
:1092E0009E88B0420ED0DE881868805D05F8010BBC
:1092F000D888401CD880D8881E89B04206D100206A
:10930000D88003E000209872084670BD481C81B2E6
:109310009142E4DB002098721046F6E7F0B5034670
:109320000C462546987A28BB0120987200211FE040
:109330009888401CDE88B04206D09888401C1E8960
:10934000B04205D1D88818B9002098720846F0BDFF
:1093500015F8010B9F881E68F0559888401C98806E
:1093600098881E89B04201D100209880481C81B2A3
:109370009142DDDB002098721046E8E7F8B505461B
:109380000C46B4F5806F03D900BF00BF0320F8BDC1
:1093900005F58E734FF40852012128460094FFF71B
:1093A000BDFD06463046F2E72DE9F04104460D4684
:1093B00016461F46DDF81880A12121740121617431
:1093C00046EA052161820021A182A4F81680424666
:1093D00039462046FFF7F8FCBDE8F08170B5054638
:1093E000D5F88005C469607848B161782846FFF7F0
:1093F000B9FC61782846FFF782FD00206070207874
:1094000048B121782846FFF7ADFC21782846FFF7C0
:1094100076FD00202070D5F88005C06940B1D5F8F0
:109420008015C86904F0EAFF0020D5F88015C861EE
:109430000648074B0ECB0EC00020064908700649AF
:109440000880FDF7B7F8002070BD00003803002049
:109450004403002034030020360300202DE9FE4F92
:109460000546002700BF00BFFF231A4619462846BD
:10947000FFF71DFD0646FF2E01D0022E04D300BFCC
:1094800000BF0220BDE8FE8F3146284601F088FB70
:109490008146B9F1000F01D00220F3E7342005F036
:1094A00027F8D5F88015C861D5F88005C4691CB9BE
:1094B00000BF00BF0220E5E734212046F6F7F7FEA3
:1094C0000720A070B5F8300501280CD1B5F82E059D
:1094D000B0F5016F07D100BF00BF012073490870CC
:1094E000734820632BE0B5F83005B0F5937F0BD1BE
:1094F000B5F82E05792807D100BF00BF02206B49BF
:1095000008706B4820631AE0B5F8300540F28E21F0
:1095100088420DD1B5F82E0540F25E41884207D150
:1095200000BF00BF0320614908706148206306E066
:1095300000205E49087000BF00BF0220A2E70020A3
:10954000A070607106EB860000EBC60105F2425088
:1095500000EB4100007BA07606EB860000EBC60125
:1095600005F2425000EB4100C089208306EB8600E3
:1095700000EBC60105F2425000EB4100007CA083E5
:10958000A08B0A2801D20A20A08306EB860000EBFC
:10959000C60105F2425000EB41000079022809D8CB
:1095A00006EB860000EBC60105F2425000EB4100DD
:1095B000007900E002208246002772E006EB860078
:1095C00000EBC60105F2425000EB41000A3000EB0F
:1095D000C700807800F0800080B306EB860000EBC7
:1095E000C60105F2425000EB41000A3000EBC70013
:1095F0008078207121792846FFF79FFB607006EB89
:10960000860000EBC60105F2425000EB41000A3033
:1096100000EBC700B0F80480032195F81D058DE824
:10962000030195F81C3522796178284600F0B9FECF
:1096300061780022284600F057FE30E0FFE706EB95
:10964000860000EBC60105F2425000EB41000A30F3
:1096500000EBC7008078E070E1782846FFF76DFBEB
:10966000207006EB860000EBC60105F2425000EBCD
:1096700041000A3000EBC700B0F80480032195F8E0
:109680001D058DE8030195F81C35E2782178284600
:1096900000F087FE21780022284600F025FE781C85
:1096A000C7B257458ADB0020ECE6000034030020F7
:1096B000B596000870B50546D5F88005C469208BBD
:1096C000402801D940202083064860614FF4207271
:1096D00005F58E7104F10800FFF7F0FDFCF7B2FF0D
:1096E000002070BD14AC002070B50546D5F880058B
:1096F000C4691748007808B9022070BD208B08B1F2
:10970000A06808B90220F8E7228B124904F108008A
:10971000FFF7DBFD218B884218D10D480078012826
:1097200003D10C4802F078F90EE0094800780228CD
:1097300003D1084802F012FB06E005480078032830
:1097400002D1044802F054FA0020D6E70220D4E700
:109750003403002014AC0020F8B505460E4634460C
:10976000B178F07841EA0027092F24D90920009028
:109770001CE069462046FFF70AFC04466078212871
:1097800014D12078287060786870A178E07841EA78
:10979000002068802079287160796871A079A871AB
:1097A000E179207A41EA0020288103E0BDF8000039
:1097B000B842DEDB00BFF8BDF8B505460026D5F897
:1097C0008005C469A07807287ED2DFE800F0041D78
:1097D000A0A0584567002846216B8847064616B961
:1097E0000120A07004E000BF00BF0720A070022687
:1097F0000220C5F8E40500231A4605F2E451D5F825
:10980000DC0506F049FA83E0207E00900022012169
:1098100028466369FFF7C8FD064616B90520A07003
:109820000EE0012E03D10120A070002608E0032ED7
:1098300003D10520A070002602E00720A0700226B8
:109840000220C5F8E40500231A4605F2E451D5F8D4
:10985000DC0506F021FA5BE0D5F8C80500F0010050
:1098600008B10420A0700220C5F8E40500231A46C0
:1098700005F2E451D5F8DC0506F00EFA48E063780D
:10988000227E2846616900F009FC0620A070D5F808
:10989000C8052062002084F8240039E06178284659
:1098A00000F08BFC012824D16178284600F064FC8C
:1098B000074694F8240048BB47B3A06830B3228B16
:1098C00004F10800616900E021E0FFF727FD0120B5
:1098D00084F824002846FFF72BFC0220C5F8E40595
:1098E00000231A4605F2E451D5F8DC0506F0D4F958
:1098F0000CE06178284600F060FC052806D1A17EC6
:109900002846FFF738FA08B90420A07000E000BF2D
:1099100000BF3046F8BD70B50446D4F88005C5696F
:10992000A878062813D1D4F8C805296A401AA98B4B
:1099300088420CD30420A8700220C4F8E405002358
:109940001A4604F2E451D4F8DC0506F0A5F900202B
:1099500070BD70B504460D461646212121740A21BA
:10996000617446EA052161820021A182E182002220
:1099700011462046FFF728FA70BD70B504460D4623
:10998000212121740B21617415B10021618201E054
:10999000012161820021A182E1820022114620463C
:1099A000FFF712FA70BDF8B5044601270025207EA6
:1099B0000C2878D2DFE800F077060F48548896DD4F
:1099C000E9FDFCFB627904F110012046FFF756FA2D
:1099D0000221217677E16179204600F0EEFB054611
:1099E000012D1FD1207C00F08006E08A38B1802E46
:1099F00002D10321217609E00521217606E0802E9F
:109A000002D10921217601E0072121760320C4F843
:109A1000E40500231A4604F2E451D4F8DC0506F00C
:109A20003BF910E0042D01D0022D0CD10B21217641
:109A30000320C4F8E40500231A4604F2E451D4F8E4
:109A4000DC0506F029F93EE1D4F8C805E081237968
:109A5000A2892046A168FFF7A2F90421217632E10C
:109A60002179204600F0A9FB0546012D0CD10921E2
:109A700021760320C4F8E40500231A4604F2E451D9
:109A8000D4F8DC0506F008F9052D0DD103270320D5
:109A9000C4F8E40500231A4604F2E451D4F8DC05C6
:109AA00006F0FAF80FE00DE1042D0CD10B21217620
:109AB0000320C4F8E40500231A4604F2E451D4F864
:109AC000DC0506F0E9F8FEE0012000906379A28948
:109AD0002046A168FFF7B8F9D4F8C805E08106214F
:109AE0002176F0E06179204600F067FB0546012D04
:109AF0000DD1072121760320C4F8E40500231A467E
:109B000004F2E451D4F8DC0506F0C6F830E0052D87
:109B10000ED10C21217603270320C4F8E40500238D
:109B20001A4604F2E451D4F8DC0506F0B5F81FE05B
:109B3000022D0DD1052121760320C4F8E405002370
:109B40001A4604F2E451D4F8DC0506F0A5F80FE05B
:109B5000042D0DD10B21217602270320C4F8E40542
:109B600000231A4604F2E451D4F8DC0506F094F818
:109B7000A9E02379002211462046FFF710F9D4F816
:109B8000C805E081082121769DE02179204600F07A
:109B900014FB0546012D12D10D212176002703204B
:109BA000C4F8E40500231A4604F2E45102E069E037
:109BB00032E023E0D4F8DC0506F06EF81DE0042D59
:109BC0000DD10B2121760320C4F8E40500231A46A9
:109BD00004F2E451D4F8DC0506F05EF80DE0052D42
:109BE0000BD103270320C4F8E40500231A4604F22E
:109BF000E451D4F8DC0506F04FF864E00120009051
:109C00006379002211462046FFF71EF9D4F8C805F3
:109C1000E0810A21217656E06179204600F0CDFAF4
:109C20000546012D0ED100270D2121760320C4F811
:109C3000E40500231A4604F2E451D4F8DC0506F0EA
:109C40002BF81EE0022D0DD1092121760320C4F846
:109C5000E40500231A4604F2E451D4F8DC0506F0CA
:109C60001BF80EE0042D0CD10B2121760320C4F843
:109C7000E40500231A4604F2E451D4F8DC0506F0AA
:109C80000BF820E0607E401CC1B26176022904D846
:109C9000012121760120A07013E006212046D4F88E
:109CA000D82590470021617600BF00BF617920462A
:109CB000FFF725F921792046FFF721F900202070D0
:109CC000022700E000BF00BF3846F8BDFEB50446DD
:109CD000012601256078082874D2DFE800F00448E6
:109CE00074ABD2FDEFEE08212046FFF777F9054669
:109CF00005BB94F82D15A17101206070A079002298
:109D000094F81D15CDE90012029094F81C352179C4
:109D10008022204600F045FBA079002294F81D1512
:109D2000CDE90012029094F81C356179204600F0CC
:109D300038FB1BE0032D19D100BF00BF94F81E05AE
:109D4000401C84F81E0594F81E05032804D900BFA2
:109D500000BF0D20207009E061792046FFF7CFF8A1
:109D600021792046FFF7CBF80020207043E1122133
:109D70002046FFF733F9054635B900BF00BF00BFE5
:109D800000BF022060701CE0032D1AD100BF00BF8D
:109D900094F81E05401C84F81E0594F81E0503283F
:109DA00004D900BF00BF0D2020700AE06179204671
:109DB000FFF7A5F821792046FFF7A1F80020607091
:109DC000207018E116E10121204600F0FDFE054655
:109DD0002DBB0220FFF765F8012184F81C1500BF98
:109DE00000BF03206070A079002294F81D15CDE912
:109DF0000012029094F81C3521798022204600F050
:109E0000D0FAA079002294F81D15CDE90012029035
:109E100094F81C356179204600F0C3FA09E0032D5F
:109E200007D100BF00BF00BF00BF0D202070002081
:109E30006070E0E009212046FFF7B2F8054615B949
:109E4000042060701CE0032D1AD100BF00BF94F8FD
:109E50001E05401C84F81E0594F81E05032804D92D
:109E600000BF00BF0D2020700AE061792046FFF797
:109E700046F821792046FFF742F8002060702070F4
:109E8000B9E0B4F83A152046FFF78AF8054615B947
:109E9000052060701FE0032D1DD100BF00BF94F8A6
:109EA0001E05401C84F81E0594F81E05032807D9DA
:109EB00000BF00BF0D2020700DE080E04BE00BE004
:109EC00061792046FFF71BF821792046FFF717F844
:109ED0000020607020708EE094F8340558B394F838
:109EE0003415FF2304F58E722046FFF795F80546DA
:109EF0007DB900BF00BF062060700520C4F8E405EE
:109F000000231A4604F2E451D4F8DC0505F0C4FE3F
:109F100020E0032D1ED100BF00BF06206070052089
:109F2000C4F8E40500231A4604F2E451D4F8DC0531
:109F300005F0B2FE0EE000BF00BF062060700520F5
:109F4000C4F8E40500231A4604F2E451D4F8DC0511
:109F500005F0A2FE4FE094F8350500B394F83515EE
:109F6000FF2304F58E722046FFF756F8054625B903
:109F700000BF00BF0720607020E0032D1ED100BF8E
:109F800000BF072060700520C4F8E40500231A46CE
:109F900004F2E451D4F8DC0505F07EFE0EE000BFCB
:109FA00000BF072060700520C4F8E40500231A46AE
:109FB00004F2E451D4F8DC0505F06EFE1BE094F8E1
:109FC000360598B194F83615FF2304F58E722046B5
:109FD000FFF722F805461DB900BF00BF002608E0C4
:109FE000032D06D100BF00BF002602E000BF00BF66
:109FF000002600E000BF00BF3046FEBD10B504469D
:10A0000020780B2807D1D4F8800520B1D4F880053A
:10A0100081692046884710BD2DE9FC4104460D4664
:10A02000174624B900BF00BF0220BDE8FC8184F8B8
:10A03000D0750020C4F88005C4F884052046F7F7E1
:10A040002DFC002184F8231584F8201584F82115AF
:10A0500084F822150DB1C4F8D8550022042110202F
:10A0600007F090FDC4F8DC054FF4806604F5BC6091
:10A07000182132462346CDE9001004A1064808F015
:10A080001FF9204600F0AEF80020CEE755534248B5
:10A090005F5175657565000041AB00082DE9FF4112
:10A0A00007460C4615461E460020012103230A469A
:10A0B0008DE8320003903146384600F052F9002016
:10A0C00004B0BDE8F0812DE9F04104460D460026BC
:10A0D00000272946D4F8D405F9F7E8FB06463046B0
:10A0E000FEF7BCFF07463846BDE8F08110B50446D0
:10A0F000012184F82015002184F8211584F8221507
:10A100000120C4F8E40500231A4604F2E451D4F80F
:10A11000DC0505F0C1FD002010BD10B5044601218D
:10A1200084F82115002184F8201584F82315204691
:10A1300000F008F921792046FEF7E1FE617920461A
:10A14000FEF7DDFE0120C4F8E40500231A4604F200
:10A15000E451D4F8DC0505F09FFD002010BD70B57A
:10A1600004460D4694F8D005012800D100BFC82050
:10A1700004F0B2F8002070BD70B504460D462946C3
:10A18000D4F8D405F9F789FB70BD70B504460125F4
:10A19000D4F8D405F9F750FB20B1012804D00228E7
:10A1A00006D103E0002505E0012503E0022501E0DA
:10A1B000012500BF00BF284670BD70B504460D469E
:10A1C0002946D4F8D405F9F75EFB70BD10B50446F6
:10A1D000D4F8C805401CC4F8C8052046FFF70EFF98
:10A1E00010BD000070B5044694F8D005012820D1B8
:10A1F0001148C0F8DC43C4F8D4054FF0A0400E4924
:10A20000086008210C4841710121C1710021817150
:10A210000221417200218172F9F7F2FD08B1F8F7CD
:10A220005FFA0548F9F702FB05462946204600F08B
:10A2300058F8002070BD000034A8002010B5044676
:10A240000120C4F8E40500231A4604F2E451D4F8CE
:10A25000DC0505F021FD002010BD2DE9FF5F04465F
:10A260000D4616461F46DDE90F9ADDF838804FF09F
:10A27000000B002003908DE800073B46324629463C
:10A28000D4F8D405F9F72CFB83465846FEF7E6FED2
:10A290000390039804B0BDE8F09F002280F82325C6
:10A2A000704710B50446012184F823150120C4F835
:10A2B000E40500231A4604F2E451D4F8DC0505F065
:10A2C000EBFC10BD70B5044600250026D4F8D4057B
:10A2D000F9F71EFE05462846FEF7C0FE0646304644
:10A2E00070BDC0F8C815704730B50446D4F8D435F1
:10A2F000C1EB011503F1140000EB8500C07840B1FB
:10A30000C1EB011503F1140000EB850080F8282053
:10A3100007E0C1EB011503F1140000EB850080F8A4
:10A320002920002030BD70B5044600250026D4F851
:10A33000D405F9F7FAFD05462846FEF78FFE0646D6
:10A34000304670BD70B5044600250026D4F8D4050B
:10A35000F9F706FE05462846FEF780FE064630461B
:10A3600070BD2DE9F04F87B004460D4616461F46D6
:10A37000DDE912ABDDE910890020069005908DE83B
:10A38000000F3B4632462946D4F8D405F9F738FB8E
:10A3900006900698FEF762FE0590059807B0BDE8A6
:10A3A000F08F2DE9FE4F04460D4616461F46DDE9A7
:10A3B0000D9ADDF830803B463246294620468DE82E
:10A3C0000007FFF74AFF0020BDE8FE8F2DE9F74F99
:10A3D00082B083460E460BF5A764002001908046AC
:10A3E00081461EB9022005B0BDE8F08F35463078B1
:10A3F000207070786070B178F07841EA0020FF2812
:10A4000004DCB178F07841EA002001E04FF480707C
:10A4100060803079207170796071B079A071F079C5
:10A42000E071307A20722078092801D0092020704C
:10A430000498092874D90920009000275DE0694636
:10A440002846FEF7A4FD05466878042855D12878EB
:10A45000092801D00920287008EB880000EBC8010A
:10A4600004F10A0000EB41072946384600F047F99D
:10A470004FF00009CA462FE069462846FEF787FDDF
:10A4800005466878052827D1787901280DD1B87953
:10A49000022802D0B879032807D1F87938B928788A
:10A4A000092804D00920287001E00720287008EB53
:10A4B000880000EBC80104F10A0000EB41000A30FB
:10A4C00000EBC90A2A465146584600F084F801902C
:10A4D00009F1010000F0FF093879484504DD608882
:10A4E000BDF800108842C7DC3879484501DD0320FB
:10A4F00079E708F1010000F0FF08B8F1020F04D27B
:10A500006088BDF80010884299DC2079022801DAC1
:10A51000207900E00220404502DD032063E7FFE7E9
:10A52000019860E770B50346144603F226520025F1
:10A5300009B9022070BD08781070487850708E7884
:10A54000C87846EA00205080087910714879507127
:10A5500088799071C879D07193F81D0518B193F876
:10A560001D05012811D1D079082806D0102805D062
:10A57000202804D0402804D102E000BF00BF00BF63
:10A5800002E00820D07100BF0AE093F81D05022800
:10A5900005D1D079082803D00820D07100E0032528
:10A5A000082C16D90E7A487A46EA002010818E7A55
:10A5B000C87A46EA002050810E7B487B46EA00209C
:10A5C0009081887B9073C87BD073087C1074487C22
:10A5D00050742846AEE730B50346002014780C705E
:10A5E00054784C7094788C70D478CC7015795479F8
:10A5F00045EA04248C8094798C718C883CB18C88D9
:10A60000B4F5806F03D88C88B4F5806F00D903202F
:10A6100093F81D4534BBCC7804F00304022C05D11B
:10A620008C88B4F5007F69D9032067E0CC7804F00A
:10A63000030424B98C88402C60D903205EE0CC78D8
:10A6400004F00304012C04D0CC7804F00304032CA0
:10A6500006D18C7914B18C79102C4FD903204DE0A0
:10A6600003204BE093F81D45012C2BD1CC7804F04E
:10A670000304022C03D0CC7804F0030424B98C88A2
:10A68000402C3BD9032039E0CC7804F00304012CA2
:10A6900009D18C792CB18C79102C02D88C88402C63
:10A6A0002CD903202AE0CC7804F00304032C07D132
:10A6B0008C791CB18C88B4F5806F1FD303201DE00A
:10A6C00003201BE093F81D45022C16D1CC7804F032
:10A6D000030424B98C88082C10D003200EE0CC7819
:10A6E00004F00304032C06D18C7914B18C88082C57
:10A6F00004D9032002E0032000E0032030BD0A78E3
:10A7000002704A7842708A788270CA78C2700A7978
:10A71000022A01D20A7900E0022202714A794271CA
:10A720008A798271CA79C2710A7A0272704730B529
:10A7300013464578032D14D10578AD1E9D4202D8ED
:10A740000578AD1E00E01D46ACB2801C002204E07E
:10A75000855C0D70491C951CAAB2A242F8DB00254D
:10A760000D7030BD7FB5044602200390002594F89B
:10A770002105012801D10320207020780E287DD2E8
:10A78000DFE800F007265CFC7CA7FBCDE3FAF9F8D4
:10A790007CF794F82005D0B100BF00BF01202070E5
:10A7A000C820FEF77EFB2046FFF78CFD002184F8D1
:10A7B0001C150020C4F8CC050120C4F8E4050023D2
:10A7C0001A4604F2E451D4F8DC0505F065FAAFE16D
:10A7D00094F82305012807D100BF00BF002184F8A9
:10A7E0001F15022020701DE0D4F8CC05B0F57A7F4B
:10A7F00010D994F81F05401C84F81F0594F81F0514
:10A80000032804D900BF00BF0D2020700AE00020FB
:10A81000207007E0D4F8CC050A30C4F8CC050A2033
:10A82000FEF73FFB0120C4F8E40500231A4604F2BA
:10A83000E451D4F8DC0505F02FFA79E1D4F8D80515
:10A8400020B104212046D4F8D82590476420FEF793
:10A8500028FB2046FFF799FC84F81D050020B64927
:10A8600008700120B549087005202070002120469D
:10A87000FEF763FA60718021204600E056E1FEF7A2
:10A880005CFA2071A079002294F81D15CDE9001220
:10A89000029094F81C35217980222046FFF781FD33
:10A8A000A079002294F81D15CDE90012029094F8C9
:10A8B0001C3561792046FFF774FD0120C4F8E405DA
:10A8C00000231A4604F2E451D4F8DC0505F0E4F95B
:10A8D0002EE12046FFF7FAF903909DF80C00E8B945
:10A8E00000BF00BF012094490870002184F824159E
:10A8F00094F83705012804D100BF00BF082020705C
:10A9000001E0072020700520C4F8E40500231A4662
:10A9100004F2E451D4F8DC0505F0BEF908E1D4F8FE
:10A92000D80588B101212046D4F8D82590470820C1
:10A9300020700520C4F8E40500231A4604F2E4510F
:10A94000D4F8DC0505F0A8F9F2E094F83D152046AE
:10A9500000F04EF918B90920207000BF00BF012097
:10A96000C4F8E40500231A4604F2E451D4F8DC05E7
:10A9700005E0DCE09CE02EE004E072E0A1E005F000
:10A980008BF9D5E094F83F0500F02000A8B1012133
:10A99000204600F041F903909DF80C0020B900BF5B
:10A9A00000BF0A2020700AE09DF80C00032806D1A1
:10A9B00000BF00BF0A20207001E00A2020700120A3
:10A9C000C4F8E40500231A4604F2E451D4F8DC0587
:10A9D00005F062F9ACE0D4F8840508B900BF34E0B2
:10A9E0000020C4F88005002511E004F5AF6050F8A0
:10A9F0002500017994F84705814206D104F5AF603E
:10AA000050F82500C4F8800503E0681CC5B2022D8B
:10AA1000EBD300BFD4F8800598B1D4F880058168E5
:10AA20002046884748B90620207000BF00BF032198
:10AA30002046D4F8D825904707E00D20207000BFAD
:10AA400003E00D20207000BF00BF0520C4F8E4051E
:10AA500000231A4604F2E451D4F8DC0505F01CF991
:10AA600066E0D4F8800598B1D4F8800501692046E5
:10AA7000884703909DF80C0010B90B2020700BE064
:10AA80009DF80C00022807D10D20207000BF03E0C4
:10AA90000D20207000BF00BF0520C4F8E40500238E
:10AAA0001A4604F2E451D4F8DC0505F0F5F83FE06D
:10AAB000D4F8800520B1D4F8800541692046884744
:10AAC00036E0002184F821152046F6F7E7FED4F899
:10AAD000800538B1D4F88005C16820468847002039
:10AAE000C4F88005D4F8D80520B105212046D4F853
:10AAF000D825904700BF00BF94F82205012806D151
:10AB0000002184F82215204600F09AF802E0204641
:10AB1000FFF709FC0120C4F8E40500231A4604F2FB
:10AB2000E451D4F8DC0505F0B7F801E000BF00BF40
:10AB300000BF002004B070BD3003002031030020AE
:10AB400004464FF47A7006F099FC00BF4FF0FF33D3
:10AB5000002204F2E451D4F8DC0505F05BF8054668
:10AB6000002DF3D12046FFF7FDFDEFE710B50246BB
:10AB7000002089B1D2F88435022B09D2D2F884455D
:10AB8000631CC2F8843502F5AF6343F8241006E075
:10AB900000BF00BF022002E000BF00BF022010BDC6
:10ABA0000246002092F83C358B4209DD82F82415DC
:10ABB00000BF00BF00BF00BF00BF00BF00BF02E07A
:10ABC00000BF00BF0220704770B504460D46A07854
:10ABD000012807D1002121740521617465820021BB
:10ABE000A182E182002211462046FEF7EDF870BDF9
:10ABF00070B504460D46A078012807D100212174C4
:10AC00000921617465820021A182E182002211463E
:10AC10002046FEF7D9F870BD70B504460D46A07801
:10AC2000012807D10021217403216174658200216C
:10AC3000A182E182002211462046FEF7C5F870BDD0
:10AC400010B504462046FFF76EFB01212046FFF7B2
:10AC500086FA002010BD0000012906D0022909D083
:10AC600004290BD005290DD100E00CE00322074B8D
:10AC70001A7008E00222054B1A7004E00122034B0F
:10AC80001A7000E000BF00BF704700009003002072
:10AC90000FB470B504469DF81900012818D1A06BB7
:10ACA00020F48030A063E0681B490840E060E06861
:10ACB00020F44010E0609DF82000012803D1E068F6
:10ACC00040F48010E060204600F028F8054613E0CC
:10ACD000E06840F04000E060204600F01FF80546C4
:10ACE0009DF81D0020B9A06B40F48030A06303E004
:10ACF000A06B20F48030A0639DF81600012807D1D6
:10AD0000A06840F00600A060A06840F02000A060AD
:10AD1000284670BC5DF814FBBFFFBDFF08B50146B7
:10AD20000020009000BF0098401C00900098B0F1F7
:10AD3000706F01D9032008BD086900F000400028A9
:10AD4000F1D000200090086940F00100086100BFC8
:10AD50000098401C00900098B0F1706F01D903205A
:10AD6000E9E7086900F001000028F1D100BFE2E73F
:10AD70000146886820F001008860002070470000CC
:10AD8000F0B503461C460A4601260D4800EAC640B7
:10AD900040F00047114604F5A06000EB4110076148
:10ADA00004F5A06000EB4110056825F0804545F0F2
:10ADB000004504F5A06000EB411005600020F0BDE7
:10ADC0000000F81F08B50246134600200090D3F893
:10ADD00040040090009820F02E000090009800F4AD
:10ADE000805030B9012904D1009840F48050C3F854
:10ADF0004004009800F48050B0F5805F05D121B97F
:10AE0000009820F48050C3F84004002008BD01469B
:10AE1000886840F0010088600020704708B501464E
:10AE20000020009000BF0098401C00900098B0F1F6
:10AE3000706F01D9032008BD086900F000400028A8
:10AE4000F1D0002000901020086100BF0098401C45
:10AE500000900098B0F1706F01D90320EBE708690A
:10AE600000F010001028F1D00020E4E708B50246F9
:10AE70000020009000BF0098401C00900098B0F1A6
:10AE8000706F01D9032008BD106900F00040002850
:10AE9000F1D000200090202040EA8110106100BF16
:10AEA0000098401C00900098B0F1706F01D9032009
:10AEB000E9E7106900F020002028F1D00020E2E747
:10AEC00001460A464FF48160805880B2704708B549
:10AED00001460A4600200090D2F8400400900098F5
:10AEE000C0F3414008BD0146486900F001007047C9
:10AEF000F8B503460C461A4621460020009002F59C
:10AF0000A06000EB41100068C0F3814502F5A0602D
:10AF100000EB41100068C60F02F5A06000EB411085
:10AF20004068C70F986800F02000202807D137B983
:10AF30001EB1012D01D0032D01D10020F8BD0DB1AE
:10AF4000022D60D102F5A06000EB4110006840F0D6
:10AF5000804C02F5A06000EB4110C0F800C098687A
:10AF600000F0200088BBD86A00F47F0070BB02F5B7
:10AF7000A06000EB4110006820F0004C02F5A060DA
:10AF800000EB4110C0F800C002F5A06000EB4110DA
:10AF9000006840F0004C02F5A06000EB4110C0F8E2
:10AFA00000C000BF0098401C00900098B0F57A7F68
:10AFB00000D909E002F5A06000EB4110006800F044
:10AFC0000040B0F1004FEDD06BE00EE0FFE702F57E
:10AFD000A06000EB4110006840F0004C02F5A0605A
:10AFE00000EB4110C0F800C05BE002F5A06000EB90
:10AFF0004110006840F0004C02F5A06000EB4110E9
:10B00000C0F800C04DE002F5A06000EB4110006800
:10B0100040F0804C02F5A06000EB4110C0F800C089
:10B020004FF48260805800F47F0068BB02F5A06096
:10B0300000EB4110006820F0004C02F5A06000EB2E
:10B040004110C0F800C002F5A06000EB411000689C
:10B0500040F0004C02F5A06000EB4110C0F800C0C9
:10B0600000BF0098401C00900098B0F57A7F00D98E
:10B0700009E002F5A06000EB4110006800F000401C
:10B08000B0F1004FEDD00CE002F5A06000EB4110F4
:10B09000006840F0004C02F5A06000EB4110C0F8E1
:10B0A00000C000204AE700002DE9FF4F81B00646AE
:10B0B0000C461746DDF83C80002000903546411EC6
:10B0C00005F5A06000EB44108160B8F1000F09D0D5
:10B0D000B8F1010F47D0B8F1020F04D0B8F1030F57
:10B0E00059D128E000BF40F29D4105F5A06000EB7A
:10B0F0004410C16007F0800080280CD105F5A060E5
:10B1000000EB4410C06840F4807105F5A06000EBCE
:10B110004410C1600EE0584886420BD105F5A0608E
:10B1200000EB4410C06840F0600105F5A06000EB42
:10B130004410C16032E040F29D6105F5A06000EB73
:10B140004410C16007F0800080280BD105F5A06095
:10B1500000EB4410C06840F4807105F5A06000EB7E
:10B160004410C1601AE040F2252105F5A06000EB13
:10B170004410C16007F0800080280BD105F5A06065
:10B1800000EB4410C06840F4C07105F5A06000EB0E
:10B190004410C16002E00120009000BF00BF002108
:10B1A00005F5A06000EB4410416005F5A06000EBE0
:10B1B0004410C06840F0020105F5A06000EB4410A7
:10B1C000C1604FF48360415904F00F0201209040A8
:10B1D00008434FF483614851B06940F00070B0619A
:10B1E00007F08000802802D14FF4004901E04FF0C1
:10B1F00000093046FFF76BFE83460E98022805D102
:10B20000BBF1020F02D04FF4003A01E04FF0000A08
:10B210004FF0FE51049801EA80504FF4F04101EAEA
:10B22000C72108434FF4402101EA8841084310999F
:10B23000C1F30A01084340F4801040EA090040EAE3
:10B240000A0005F5A06101EB44110860B8F1030F95
:10B2500002D0B8F1010F0BD105F5A06000EB44104E
:10B26000006840F0005105F5A06000EB441001605B
:10B27000009805B0BDE8F08F0000044001460A4682
:10B2800040F21440805880B2704700002DE9FE4F14
:10B2900080460C469146464665784FF4807BDB48F5
:10B2A000804522D1B9F1010F13D1A07C10B1A07C4F
:10B2B00002281AD1A079C0B906F5A06000EB4510AC
:10B2C000C06820F0700106F5A06000EB4510C16079
:10B2D0000BE0207948B96079012806D161784046B1
:10B2E000FFF74EFD0020BDE8FE8FA079012838D180
:10B2F0000127E07818B1A08A7843E0614AE0A07C99
:10B30000012820D1206ABC280FD9A08AE061E06919
:10B310002062E068012802D0E068022802D1022001
:10B32000E06037E00120E06034E0206AE061E0683E
:10B33000012805D0E068022802D00420E06029E05E
:10B340000320E06026E0B9F1010F07D1A18A206A4D
:10B35000884203D9A08A7843E0611BE0206AE0615B
:10B3600018E0206A68B1A18A206A0844401EB0FB38
:10B37000F1F087B25F4505DD5F46A08A7843E06162
:10B3800000E00127E07818B1A08A7843E06101E08D
:10B39000206AE061E069C0F312009D4901EAC741FB
:10B3A0000843A17D4FF0C04202EA4171084306F50F
:10B3B000A06101EB45110861B9F1000F05D006F558
:10B3C000A06000EB4510A16941614FF48160805994
:10B3D00000F0010080F00100019006F5A06000EB94
:10B3E0004510006820F0005106F5A06000EB451004
:10B3F000016006F5A06000EB45100168019841EA84
:10B40000407106F5A06000EB45100160A0790128AD
:10B4100074D1207C617C40EAC11040F0004106F507
:10B42000A06000EB4510416006F5A06000EB451000
:10B43000C06840F0600106F5A06000EB4510C160F7
:10B44000E079012819D1E078B8B906F5A06000EBE1
:10B450004510406840F4803106F5A06000EB4510CF
:10B46000416006F5A06000EB4510C06840F0400167
:10B4700006F5A06000EB4510C160A07C012802D059
:10B48000A07C032811D1E07901280ED1E0780128B1
:10B490000BD106F5A06000EB4510406840F4803108
:10B4A00006F5A06000EB45104160A07C012849D161
:10B4B000E07888BBE068012806D0022811D0032874
:10B4C0001DD0042836D128E006F5A06000EB451019
:10B4D000406840F4004106F5A06000EB4510416073
:10B4E00029E006F5A06000EB4510406840F00E0131
:10B4F00006F5A06000EB451041601CE01CE006F57D
:10B50000A06000EB4510406840F4804106F5A06063
:10B5100000EB451041600EE014E006F5A06000EB82
:10B520004510406840F4404106F5A06000EB45102E
:10B53000416000E000BF05E0002106F5A06000EBDF
:10B540004510416006F5A06000EB451000680290D0
:10B55000029820F080400290E07820B1029840F4F8
:10B560000040029003E0029820F40040029002980C
:10B5700040F00040029006F5A06000EB45100299F3
:10B580000160B9F1000F01D00020ACE6E07878BB93
:10B59000206A68B3E07958BBA07C30B1012816D08E
:10B5A000022803D0032824D110E000BF206AC01C69
:10B5B000C0F38F0AD8F82C0080B2504505D2D8F8D5
:10B5C000180040F02000C8F8180013E000BF206AFF
:10B5D000C01CC0F38F0A4FF48260805980B250457E
:10B5E00005D2D8F8180040F08060C8F8180001E0D3
:10B5F0000AE000BF00BF00200090208C83B2627878
:10B600004046A16900F0A4F900206CE60000044067
:10B610000000F81F0FB4F0B50446002725460020AF
:10B62000C5F8000EA06B40F40010A063A06B20F4DE
:10B630000020A063A06B20F48020A063E06800F0ED
:10B64000400088B99DF81B00012806D1D5F80004F8
:10B6500040F00400C5F800040CE0D5F8000420F028
:10B660000400C5F8000405E0D5F8000420F004004B
:10B67000C5F8000410212046FFF7F8FB00B10127B0
:10B680002046FFF7CBFB00B1012700260DE04FF06D
:10B69000FF3105F5A06000EB46108160002105F543
:10B6A000A06000EB4610C160761C9DF81900B04206
:10B6B000EDD80020A061401E60611048844207D18F
:10B6C000401560620E48A0620E48C4F8000106E012
:10B6D000802060620C48A0620C48C4F800019DF80C
:10B6E0001A0018B9A06940F01000A061A0690849CB
:10B6F0000843A0613846F0BC5DF814FB000004402C
:10B70000000200010003E00080006000E000400053
:10B71000080020A310B502460B461146D1F80004DC
:10B7200020F00300C1F80004D1F8000403F0030482
:10B730002043C1F80004012B05D14BF6803440F2C0
:10B740000440445009E0022B05D141F2707440F2EC
:10B750000440445001E0012010BD0020FCE710B57A
:10B760000246134603F5A06404EB4114A06803F5F8
:10B77000A06404EB4114E468204010BD0146486910
:10B780008A69104070472DE9F04104460D4627466E
:10B7900028464FEA920C02F0030300210AE04FF41E
:10B7A000805858F80780C0F80080401C401C401C9E
:10B7B000401C491C6145F2D39BB100214FF48058D5
:10B7C00058F8076000BF4FEAC10826FA08F880F869
:10B7D0000080491C401CA3F101081FFA88F3002BCC
:10B7E000F1D1BDE8F08138B504462546002000902F
:10B7F000D5F840040090009820F02E0000900098AA
:10B8000040F48070C5F84004642002F065FD0098A3
:10B8100020F48070C5F840040A2002F05DFD00208D
:10B8200038BD70B504460E460025E06820F0C040E3
:10B83000E060012E10D1E06840F00050E06000BFF1
:10B840000A2002F049FD0A352046FFF74CFB01288B
:10B8500015D0C82DF4D312E07EB9E06840F08040E6
:10B86000E06000BF0A2002F037FD0A352046FFF7EE
:10B870003AFB20B1C82DF5D301E0012070BDC82DE1
:10B8800001D10120FAE70020F8E72DE9F841074649
:10B890004FF000083E46002000903846FFF768FA57
:10B8A00010213846FFF7E2FA08B14FF00108384698
:10B8B000FFF7B4FA08B14FF00108002410E006F5D4
:10B8C000A06000EB4410056845F0804525F0004578
:10B8D00025F4004506F5A06000EB44100560641CEB
:10B8E0000F2CECD9002424E006F5A06000EB4410F6
:10B8F000056845F0804545F0004525F4004506F50E
:10B90000A06000EB4410056000BF0098401C009050
:10B910000098B0F57A7F00D909E006F5A06000EB49
:10B920004410006800F00040B0F1004FEDD000BFBF
:10B93000641C0F2CD8D94FF0FF3140F214408151D4
:10B94000084678613846FFF762FA4046BDE8F8815C
:10B950002DE9F04304460D461E46DDF81CC0A04606
:10B960002946BCF1000F12D1F01C870800230CE01F
:10B97000D1F8009008F5805000EB0230C0F800903C
:10B98000491C491C491C491C5B1CBB42F0D30020CC
:10B99000BDE8F08300BFFEE71CB501210846FBF7B8
:10B9A00021FA4FF48050009001208DF8040000200F
:10B9B0008DF8060003208DF8050001208DF80700A2
:10B9C00069460448F7F778F84FF480510148F7F7D3
:10B9D000E0F81CBD000002401CB501211020FBF75F
:10B9E00001FA4FF48070009001208DF804000020CF
:10B9F0008DF8060003208DF8050000208DF8070063
:10BA000069460448F7F758F84FF480710148F7F792
:10BA1000C0F81CBD0010024070B504460025E07857
:10BA2000714908702079487060788870A078C87073
:10BA3000A079C0F30015002229466C4804F044FFA9
:10BA4000A079C0F3801501222946684804F03CFF24
:10BA5000A079C50902222946644804F035FFA0797F
:10BA6000C0F3401503222946604804F02DFF607999
:10BA700000F00F050F2D14D1042200215B4804F0C3
:10BA800023FF05220021594804F01EFF0622002151
:10BA9000564804F019FF07220021544804F014FF0F
:10BAA00062E005F0010018BBC5F3410030B1012888
:10BAB0000AD002280ED0032818D111E00422012157
:10BAC0004A4804F001FF12E005220121474804F032
:10BAD000FBFE0CE006220121444804F0F5FE06E0DE
:10BAE00007220121414804F0EFFE00E000BF3BE0E7
:10BAF00005F00100A8B3C5F3410030B101280FD013
:10BB0000022818D003282DD120E004220121374833
:10BB100004F0DAFE05220121344804F0D5FE22E0CB
:10BB200006220121314804F0CFFE052201212F48D1
:10BB300004F0CAFE17E0062201212C4804F0C4FEDE
:10BB400007220121294804F0BFFE0CE00422012154
:10BB5000264804F0B9FE07220121244804F0B4FE6F
:10BB600001E001E000BF00BFA079C0F3800508221A
:10BB700029461E4804F0A8FEA079C0F3C00509229A
:10BB800029461A4804F0A0FEA07900F001050A2217
:10BB90002946164804F098FEA079C0F340050B2210
:10BBA0002946124804F090FE6079C0F300150C227B
:10BBB00029460E4804F088FE6079C0F340150D2236
:10BBC00029460A4804F080FE6079C0F380150E22F1
:10BBD0002946064804F078FE6079C5090F222946F7
:10BBE000024804F071FE70BD3803002036030020C7
:10BBF00070B5044600260025A07918B9E07908B987
:10BC0000802500E0A57953480570207A18B9607A3C
:10BC100008B9802500E0257AC5F1FF004D4948703C
:10BC2000A07A18B9E07A08B9802500E0A57A4948D9
:10BC30008570207B18B9607B08B9802500E0257BE2
:10BC4000C5F1FF004349C870A07800F00106042246
:10BC50003146414804F038FEA078C0F3C006052202
:10BC600031463D4804F030FEA078C0F3400606227D
:10BC70003146394804F028FEA078C0F38006072238
:10BC80003146354804F020FEA078C0F3401600226B
:10BC90003146314804F018FEA078C0F300160322A4
:10BCA00031462D4804F010FEA078C0F38016012222
:10BCB0003146294804F008FEA078C6090222314620
:10BCC000254804F001FEE07800F001060A22314622
:10BCD000214804F0F9FDE078C0F340060B2231461C
:10BCE0001D4804F0F1FD2079FF2801D1012600E074
:10BCF000002608223146184804F0E6FD6079FF2846
:10BD000001D1012600E0002609223146124804F044
:10BD1000DBFDE078C0F300160E2231460E4804F039
:10BD2000D3FDE078C0F340160D2231460A4804F0F6
:10BD3000CBFDE078C0F380160F223146064804F0B0
:10BD4000C3FDE078C6090C223146034804F0BCFD6F
:10BD500070BD0000380300203603002070B5044693
:10BD60000025E07872490870207948706079887001
:10BD7000A079C870607800F00105002229466D485E
:10BD800004F0A2FD6078C0F340050322294669480B
:10BD900004F09AFD6078C0F38005012229466548C9
:10BDA00004F092FD6078C0F3C00502222946614884
:10BDB00004F08AFD2078C0F300150A2229465D4868
:10BDC00004F082FD2078C0F340150B222946594823
:10BDD00004F07AFD2078C0F38015082229465548E2
:10BDE00004F072FD2078C50909222946514804F063
:10BDF0006BFD207800F001050C2229464D4804F027
:10BE000063FD2078C0F340050D222946494804F01F
:10BE10005BFD2078C0F380050E222946454804F0DA
:10BE200053FD2078C0F3C0050F222946414804F095
:10BE30004BFDA07800F00F050F2D14D10422002136
:10BE40003C4804F041FD052200213A4804F03CFD45
:10BE500006220021374804F037FD0722002135482B
:10BE600004F032FD62E005F0010018BBC5F34100AB
:10BE700030B101280AD002280ED0032818D111E0D1
:10BE8000042201212B4804F01FFD12E005220121AC
:10BE9000284804F019FD0CE006220121254804F091
:10BEA00013FD06E007220121224804F00DFD00E009
:10BEB00000BF3BE005F00100A8B3C5F3410030B17D
:10BEC00001280FD0022818D003282DD120E0042209
:10BED0000121184804F0F8FC05220121154804F05E
:10BEE000F3FC22E006220121124804F0EDFC0522B9
:10BEF0000121104804F0E8FC17E0062201210D485A
:10BF000004F0E2FC072201210A4804F0DDFC0CE009
:10BF100004220121074804F0D7FC0722012105482B
:10BF200004F0D2FC01E001E000BF00BF70BD0000E2
:10BF300038030020360300200FB4054B10B503A9C9
:10BF4000044A029801F03CFC10BC5DF814FB0000B0
:10BF5000E1E300083001002003B40198410000989B
:10BF600050EAC12018BF04204A0D18BF40F001005C
:10BF700040F2FF72B2EB515F08BF40F002000128AF
:10BF800008BF052002B070472DE9F04D2DED040BE0
:10BF90002DED0E8B96B0DDE92550279CDDF890A0A5
:10BFA00025F0004624F00048BAF1000F14BF01212B
:10BFB000002101EB4502FC4953184A1093422AD351
:10BFC000002814BF0123002303EB44030B44F7496B
:10BFD0008B4220D358EA00019FEDF59B76D0DFF825
:10BFE000D8B35D4503D1BAF1000F05D188E0BAF1AD
:10BFF000000F08BF002100D0012101EB450111F520
:10C00000001F08D8002814BF0121002101EB4401C2
:10C0100011F5001F0BD99DED261B9DED240B16B0CD
:10C02000BDEC0E8B04B0BDE8F04D01F0B7BA0027AF
:10C03000002DBCBFE149884521DAE1498845A8BF08
:10C0400002271CDAC3451ADCDE4901EB285114290A
:10C0500008DDC1F1340220FA02F101FA02F2824253
:10C060000DD108E058B9C1F1140228FA02F101FA21
:10C0700002F2424503D101F00101C1F1020756EA83
:10C080000A0124D1002C22DA002D18BF022F01D082
:10C09000012F0AD0022001F0CBFA16B0BDEC0E8BB6
:10C0A00004B0BDE8F04D01F057BA022001F0C0FA2B
:10C0B00001F052FA51EC100B81F0004141EC100BF1
:10C0C00016B0BDEC0E8B04B0BDE8F08D18E09FED0E
:10C0D000BEAB9FEDBF8B002871D1B848804522D1FF
:10C0E00005F1804010F5801008BFBAF1000F07D0AD
:10C0F000B3450ADC002CA8BF9DED260BE0DA0DE06D
:10C10000B0EE490AF0EE690ADAE7002C06DA9DED96
:10C11000260B51EC100B81F000416FE0AE487844E3
:10C1200090ED000BCCE7D8454DD1002C48DA2EB16C
:10C1300086423AD1BAF1000F42D126E0BAF1000F9F
:10C1400013D0022001F074FA01F042FA8DED020BD7
:10C150009DED240B8DED000B10EE900A039961F319
:10C160001E0003909DED020BAAE78DED02AB9DED45
:10C17000240B1AEE901A10EE900A8DED000B61F36D
:10C180001E0003909DED020B9AE78DED028B9DED55
:10C19000240B18EE901A10EE900A8DED000B61F34F
:10C1A0001E0003909DED020B8AE709DA9DED240B3A
:10C1B00051EC190B53EC102BF4F79DF91EE020E025
:10C1C0009DED240B7CE786421BDAB4F1804F0DD045
:10C1D000A4F10050B0F1FF5013D1002D11DB9DED03
:10C1E000240B51EC100B04F02FFD07E09DED240B08
:10C1F00053EC102B51EC100B00F0C2BC41EC100BB7
:10C200005EE79DED240B51EC100B02F0CFF8BAF174
:10C21000000FCDE90E0142D19FED710B46B3A6F19F
:10C22000E040B0F17F600CD05E4538D1002D00DADF
:10C23000A7B3022F0CBF01204FF0FF30F4F7CAF96B
:10C24000DCE7002D01DD002C0DDA002D01DD002CD6
:10C250001FDB002D16DA002C14DB012F08BF9FED29
:10C26000620B3FF42DAFB0EE4A0AF0EE6A0A27E700
:10C27000022F18BF002D0CD0012F0AD1002DFFF680
:10C280001FAF06E0002DB8BF002C08DA012F3FF4E5
:10C2900017AFB0EE480AF0EE680A11E71BE0012084
:10C2A00000EBE57050EA070115D0791EB0EE498A1F
:10C2B000F0EE698A084308BF9FED4D8B4E4800257C
:10C2C000804570DD4D494E48884514DDB0420DDB98
:10C2D000002C19DB2FE0012001F0AAF916B0BDEC0B
:10C2E0000E8B04B0BDE8F04D01F062B9B34502DC3D
:10C2F000002C09DC1FE0864202DA002C1BDA03E086
:10C300005E452BDD002C16DD022001F091F901F0D5
:10C310005FF98DED020B53EC1A2B51EC180BF4F76F
:10C3200078F8CDE900010399019861F31E000390AC
:10C330009DED020BC4E6022001F07AF901F058F9F4
:10C3400010EE901A18EE900A8DED020B8DED008B19
:10C3500061F31E0003909DED020BB1E69DED0E0B07
:10C3600053EC192B51EC100BF4F74DF89FED260B05
:10C37000CDE9080153EC102B9DED080B51EC100B8F
:10C38000F4F747F89FED221B53EC112BF4F73EF81E
:10C390009DED081B53EC112BF4F73BF89FED1E1B92
:10C3A00053EC112B3CE08CE0FFFF1F00FFFF0F0060
:10C3B000000000000000F03F0000F03F0000F07FB0
:10C3C0000000404301FCFFFF000000000000F07F80
:10C3D00000000000000000003E8E00000000000091
:10C3E0000000000000000080000000000000F0FFDE
:10C3F000000000000000F0BF0000E0410000F0433A
:10C40000FFFFEF3F00000000000000000000D03FF1
:10C41000555555555555D53F000000000000E03FEB
:10C42000F3F7F4FF9DED080B41EC1A0B53EC102BC6
:10C4300051EC100BF3F7EDFF53EC1A2BF3F7E9FF78
:10C4400041EC1A0B9FEDFE0B53EC102B9DED080BEE
:10C4500051EC100BF3F7DDFF41EC1B0B9FEDFA0BDA
:10C4600051EC1A0B53EC102BF3F7D3FF41EC1A0BE2
:10C470009FEDF70B53EC102B9DED080B51EC100BBF
:10C48000F3F7C7FF53EC1A2BF3F7BDFF41EC1A0B80
:10C4900051EC1B0B53EC1A2BF3F714FF0690CDE96C
:10C4A00006519DED060B53EC1B2B51EC100BF3F7D3
:10C4B000AAFF53EC1A2BF3F7A9FF41EC100B00F085
:10C4C000A1B90020B6F5801F0EDA9FEDE30B53EC07
:10C4D000102B9DED0E0B51EC100BF3F79AFFCDE9ED
:10C4E0000E016FF034000E4600EB2650A0F2FF372D
:10C4F000C6F31300DA4940F07F6646F040568842A2
:10C50000D8BF002408DDD7498142C8BF012403DC1D
:10C510000024A6F580167F1CD348784400EBC400A5
:10C520000F9690ED00CB9DED0E0B53EC1C2B51ECB8
:10C53000100BF3F768FF9DED0E0B41EC1B0B53EC5A
:10C540001C2B51EC100BF3F7BDFE41EC100B51EC22
:10C55000190B53EC102BF3F7CEFF41EC1D0B51ECF4
:10C560001B0B53EC1D2BF3F754FF41EC1A0BBF4888
:10C570008DED10AB7844109590ED000B4FF000500E
:10C5800040EA660000EB84408DED080B00F50020CA
:10C5900009909DED080B53EC1C2B51EC100BF3F79D
:10C5A00032FF9DED0E1B53EC112BF3F72FFF41ECE7
:10C5B000100B53EC102B9DED100B51EC100BF3F7FF
:10C5C00028FF9DED080B41EC1C0B53EC102B9DED4F
:10C5D000100B51EC100BF3F71CFF53EC1B2BF3F774
:10C5E00015FF53EC1C2BF3F70EFF53EC1D2BF3F749
:10C5F00010FF41EC1C0B53EC1A2B51EC1A0BF3F708
:10C6000008FF41EC1B0B9A480621B0EE4B0AF0EEF6
:10C610006B0A784400F07CFDB0EE401AF0EE601A30
:10C62000B0EE41DAF0EE61DA53EC1B2B51EC1B0B50
:10C63000F3F7EFFE53EC1D2BF3F7EBFE9DED100B24
:10C6400041EC1B0B53EC1A2B51EC100BF3F73AFE99
:10C6500053EC1C2BF3F7DDFE53EC1B2BF3F732FEF0
:10C660009DED100B41EC1B0B53EC102B51EC100B00
:10C67000F3F7CFFE41EC1D0B9FED7FEB53EC1E2B30
:10C68000F3F720FE53EC1B2BF3F71CFE0890CDE9CB
:10C6900008519DED080B53EC1E2B51EC100BF3F7DA
:10C6A000B2FE53EC1D2BF3F7AEFE53EC1B2BF3F74E
:10C6B000ADFE9DED080B41EC1D0B53EC102B9DEDD9
:10C6C000100B51EC100BF3F7A4FE41EC1B0B53ECD9
:10C6D0001A2B51EC1D0BF3F79CFE9DED080B41EC62
:10C6E0001A0B53EC102B51EC1C0BF3F792FE53EC8E
:10C6F0001A2BF3F7E7FD41EC1A0B51EC1B0B53EC33
:10C700001A2BF3F7DFFD0C90CDE90C519DED0C0BCE
:10C7100053EC1B2B51EC100BF3F775FE53EC1A2B5B
:10C72000F3F774FE41EC1B0B9FED550B53EC102BF4
:10C730009DED0C0B51EC100BF3F76BFE41EC1A0B5B
:10C740009FED510B51EC1B0B53EC102BF3F761FEDB
:10C7500041EC1B0B9FED4E0B53EC102B9DED0C0B86
:10C7600051EC100BF3F755FE53EC1B2BF3F7AAFD1E
:10C7700041EC100B4848784400EBC40090ED001BDE
:10C7800051EC100B53EC112BF3F79CFD41EC1B0B00
:10C790003846F3F71FFFCDE9080153EC1B2B51EC92
:10C7A0001A0BF3F78FFD41EC100B3C48784400EB7B
:10C7B000C40090ED00CB51EC100B53EC1C2BF3F7A5
:10C7C00081FD9DED081B53EC112BF3F77BFD0690CB
:10C7D000CDE906519DED080B53EC102B9DED060B9A
:10C7E00051EC100BF3F70FFE53EC1C2BF3F70BFE81
:10C7F00053EC1A2BF3F707FE53EC1B2BF3F706FE53
:10C8000041EC100B9DED261B53EC102B8DED001B06
:10C8100000959DED260B51EC100BF3F7FAFD9DED05
:10C82000000B41EC1A0B53EC102B9DED260B51EC39
:10C83000100BF3F7E8FD9DED061B53EC112B2FE0D9
:10C84000000000604715F73FFE822B654715F73F54
:10C8500044DF5DF80BAE543E000000000000404392
:10C860008E9803007AB60B00BA890000E8890000B0
:10C87000F2880000000000000000000000000840F6
:10C88000000000E009C7EE3FFD033ADC09C7EE3FB8
:10C89000F5015B14E02F3EBE7E8700003887000064
:10C8A000F3F7B7FD53EC1A2BF3F70CFD9DED060BD8
:10C8B00041EC1A0B53EC102B9DED000B51EC100BBF
:10C8C000F3F7A7FDCDE90C019DED0C0B51EC1A0B14
:10C8D00053EC102BF3F7F6FCCDE902010C46AA4904
:10C8E0008C422FDB611A084318D19DED0C0B53ECE1
:10C8F000102B9DED020B51EC100BF3F784FD41EC76
:10C900001B0B9FEDA30B51EC1A0B53EC102BF3F701
:10C91000D9FC53EC1B2BF4F727F82DD2022000F0A2
:10C9200087FE00F055FE10EE901A18EE900A8DED7D
:10C93000020B8DED008B61F31E0003909DED020B49
:10C94000FFF7BEBB944A24F00041914214D39349AF
:10C95000214408437FF4EFAC9DED0C0B53EC102BFE
:10C960009DED020B51EC100BF3F74DFD53EC1A2B20
:10C97000F3F7FAFF7FF6DFAC24F000408849894ADC
:10C98000002601EB205182422BDA481C4FF4801123
:10C9900021FA00F02044844AC0F30A517A44A1F2FB
:10C9A000FF3192ED000B814A8DED080BCA4020EA61
:10C9B0000202C0F3130040F48010C1F1140120FA08
:10C9C00001F60992002CB8BF76429DED080B53EC9E
:10C9D000102B9DED0C0B51EC100BF3F714FDCDE972
:10C9E0000C019DED0C0B51EC1A0B53EC102BF3F7D3
:10C9F00069FC9FED6F0B0890CDE9085153EC102BAB
:10CA00009DED080B51EC100BF3F703FD41EC1B0BF4
:10CA10009FED690B53EC102B9DED080B51EC100BA7
:10CA2000F3F7F7FC9DED0C0B41EC1C0B53EC102BBA
:10CA30009DED080B51EC100BF3F7E5FC53EC1A2BB2
:10CA4000F3F7E4FC9FED5E1B53EC112BF3F7E1FCD5
:10CA500053EC1C2BF3F736FC41EC1A0B51EC1B0B7F
:10CA600053EC1A2BF3F72EFCCDE902019DED020BDE
:10CA700053EC1B2B51EC100BF3F7C5FC53EC1A2BAA
:10CA8000F3F7C4FC9DED020B41EC1A0B53EC102B99
:10CA900051EC100BF3F7BDFCCDE908014A489DEDC0
:10CAA000080B0521784400F033FB9DED081B51EC89
:10CAB000100B53EC112BF3F7ACFC9DED021B53EC68
:10CAC000112BF3F7A3FCCDE906019DED020B53EC0E
:10CAD0001A2B51EC100BF3F79CFC53EC1A2BF3F7C9
:10CAE000F1FB9FED3B0B41EC1A0B53EC102B9DED32
:10CAF000060B51EC100BF3F786FC9DED060B41EC99
:10CB00001B0B53EC102B9DED020B51EC100BF3F7AC
:10CB100080FC53EC1B2BF3F7EEFC53EC1A2BF3F7D2
:10CB200072FC9DED021B53EC112BF3F76CFC53ECE4
:10CB3000192BF3F76BFCCDE9020101EB065001154F
:10CB40000029C8BF039015DC9DED020B324651EC65
:10CB5000100BF3F788FEFFF7FFF9042808BF00F079
:10CB600047FD32469DED020B51EC100BF3F77BFEB7
:10CB7000CDE902019DED020B51EC180B53EC102B8B
:10CB8000F3F747FCFFF73ABB0000904000000000BD
:10CB9000FE822B654715973C00CC904000346F3FD8
:10CBA00001FCFFFF0000E03FC0850000FFFF0F0019
:10CBB00000000000432EE63F396CA80C615C20BEEB
:10CBC000EF39FAFE422EE63F90840000000000009C
:10CBD000000000000000004000B52DED048BB0EE19
:10CBE000409AF0EE609A83B051EC190BF3F752FEC5
:10CBF00041EC180B18EE100A18EE901A8DED008B10
:10CC0000002818BF0120084320F00040C0F17F60D9
:10CC100000F1E040C00F14D019EE101A19EE900A7E
:10CC20008DED009B002918BF0121084320F0004032
:10CC3000C0F17F6000F1E040C00F04BF012000F0B0
:10CC4000F7FCB0EE480A03B0F0EE680ABDEC048BC6
:10CC500000BD00000000000010B51D499FED1A1B2B
:10CC60002DED020B84B0059820F000408842DCBF17
:10CC700001209DED040B21DD1649884209D104985D
:10CC800040B94FF0010000F0D3FC00F091FC06B079
:10CC900010BD05DB9DED040B00F076FC06B010BD69
:10CCA00068469DED040B00F017F800F0010001212B
:10CCB000A1EB40009DED021B9DED000B00F0A4FADE
:10CCC00006B010BD000000000000000000000000E1
:10CCD000FB21E93F0000F07F2DE9F14F04462DEDE7
:10CCE000020B2DED088B8AB09FEDE70B80ED020B58
:10CCF000139EE74826F0004585420ADC9DED120BA5
:10CD0000002084ED000B0AB0BDEC088B03B0BDE839
:10CD1000F08FE0489FEDE0AB9FEDE1BBA84247DD1F
:10CD2000E14F9FEDE39B9FEDE48B9DED120B53ECE8
:10CD30001A2B51EC100B002E1CDDF3F764FB41ECB9
:10CD4000100BBD4208D053EC1B2B51EC100BF3F72A
:10CD50005AFBC4E900010BE053EC192B51EC100B0A
:10CD6000F3F751FB53EC182BF3F74DFBC4E900012B
:10CD70000120C8E7F3F7A6FA41EC100BBD4208D03A
:10CD800053EC1B2B51EC100BF3F79CFAC4E9000198
:10CD90000BE053EC192B51EC100BF3F793FA53EC17
:10CDA000182BF3F78FFAC4E900014FF0FF30AAE720
:10CDB000C348A84279DB9DED120B51EC100B01F03A
:10CDC000F5FA41EC180B9FEDC00B53EC102BF3F769
:10CDD00020FB9FEDBF1B53EC112BF3F773FAF3F716
:10CDE000FDFD0746F3F7F6FB41EC190B53EC1A2B4C
:10CDF000F3F70FFB53EC182BF3F708FB41EC180B80
:10CE000053EC1B2B51EC190BF3F703FBDFF8C8A213
:10CE100041EC100B4FEA15580125FA4453EC102B46
:10CE200051EC180BF3F7EFFA032DC4E900013DD0E4
:10CE3000C1F30A5005EB4511A8EB000011398142FE
:10CE400034DA0AEB051BB0EE48AA9BED000BF0EEBE
:10CE500068AA53EC102B51EC190BF3F7DAFA41ECFA
:10CE60001B0B51EC1A0B53EC1B2BF3F7CCFA41ECD8
:10CE7000180B51EC1A0B53EC182BF3F7C4FA53ECC4
:10CE80001B2BF3F7C0FA9BED020B41EC1A0B53EC92
:10CE9000102B51EC190BF3F7BCFA53EC1A2BF3F7E8
:10CEA000B2FA41EC100B6D1CB8E70EE0002EA8BFE3
:10CEB0003846BFF628AF94ED000B51EC100B81F013
:10CEC0000041C4E9000178421DE7C6F3130040F4B5
:10CED000801EC6F30A50A0F2F530471100F01F057E
:10CEE000C5F12000DDF848B00890002006900790BA
:10CEF0000520EC467949002D07EB0002794408BF74
:10CF000051F8221009D051F8223001EB8201AB40D8
:10CF10004A68089922FA01F11943A1FB0E26A1FBE8
:10CF20000B131A449A4234BF0123002303EB060873
:10CF30000CEB8003D3E901A60E448E4234BF0121DD
:10CF4000002192448A4411B1924502D903E09245EE
:10CF500001D2012100E00021C3E901A641444CF8BF
:10CF60002010011EA0F10100C4DC029800F1005065
:10CF7000850F0298DDE903678000DDF81480F3F780
:10CF800029FB41EC1A0B3046F3F735FB9FED541BA0
:10CF900053EC112BF3F73DFA41EC1B0B3846F3F73A
:10CFA0002AFB9FED511B53EC112BF3F732FA41ECA6
:10CFB000180B4046F3F71FFB9FED4D1B53EC112B55
:10CFC000F3F727FA41EC190B51EC180B53EC192B22
:10CFD000F3F778F953EC1B2BF3F774F953EC1A2B96
:10CFE000F3F770F9CDE90801002008909DED080BDA
:10CFF00053EC1A2B51EC100BF3F705FA53EC1B2BE7
:10D00000F3F701FA53EC182BF3F7FDF953EC192B56
:10D01000F3F7FCF99FED381B53EC112BF3F7F9F9FB
:10D020009FED370B41EC180B53EC102B9DED080BCB
:10D0300051EC100BF3F7EDF953EC182BF3F742F921
:10D040009FED310B41EC180B53EC102B9DED080BB1
:10D0500051EC100BF3F7DDF953EC182BF3F732F921
:10D0600041EC100B139810F0004F06D06D4251ECBC
:10D07000100B81F0004141EC100B284684ED000BB1
:10D0800041E6000000000000000000000000000079
:10D09000FB21E93F7CD9024000004054FB21F93FCD
:10D0A0003163621A61B4D03DFB21F93F00000000FA
:10D0B0000000601A61B4D03D7370032E8A19A33B3F
:10D0C000FB2139410000000083C8C96D305FE43F97
:10D0D000000000000000E03F4A810000988000004E
:10D0E000000000000000103E000000000000103CA6
:10D0F000000000000000103A182D4454FB21F93DB7
:10D100003326A611460B113C00000054FB21F93DCB
:10D1100070B504462DED028B4D1E00EBC500B0EE40
:10D12000408AF0EE608A90ED000B35F0060017D0D3
:10D1300053EC182B51EC100BF3F76BF941EC100B7F
:10D140006D1E04EBC50090ED001B51EC100B53EC71
:10D15000112BF3F7B7F841EC100B35F00600E7D1CF
:10D16000022D36D0042D1CD0062D1CBFBDEC028B29
:10D1700070BD53EC182B51EC100BF3F74AF994EDFA
:10D180000A1B53EC112BF3F79DF853EC182BF3F714
:10D1900040F994ED081B53EC112BF3F793F841EC95
:10D1A000100B53EC182B51EC100BF3F732F994EDF4
:10D1B000061B53EC112BF3F785F853EC182BF3F700
:10D1C00028F994ED040B53EC102BF3F77BF841ECAA
:10D1D000100B53EC182B51EC100BF3F71AF994EDDC
:10D1E000021B53EC112BF3F76DF853EC182BF3F7EC
:10D1F00010F994ED001B53EC112BF3F763F8BDEC21
:10D20000028B41EC100B70BDF1B506462DED040B01
:10D21000BD482DED0C8B8AB0B0EE418AF0EE618AEC
:10D22000179D25F000449FEDBABB9FEDBBCB844218
:10D2300008DA9DED160B51EC100BF3F7CFFB00282D
:10D2400000F0E980B64FA74231DC002D0DDA9DEDEC
:10D25000160B51EC100B81F00041CDE9160151EC99
:10D26000180B81F0004141EC180B9FEDAF0B53EC14
:10D27000102B9DED160B51EC100BF3F7C7F853EC88
:10D28000182B9FEDAB0BCDE9040151EC100BF3F71C
:10D29000BAF841EC100B53EC102B9DED040B51EC44
:10D2A000100BF3F70FF89FEDA48BCDE916019DED60
:10D2B000160B53EC102B51EC100BF3F7AAF8CDE939
:10D2C00004019DED040B53EC102B51EC100BF3F704
:10D2D000A0F841EC190B9A480621B0EE490AF0EE8D
:10D2E000690A7844FFF714FF9648B0EE40DAF0EE92
:10D2F00060DAB0EE490AF0EE690A06217844FFF7D9
:10D3000007FF9DED041B51EC100B53EC112BF3F7B1
:10D3100080F89DED040B41EC1A0B53EC102B9DEDA6
:10D32000160B51EC100BF3F774F841EC190B53EC9E
:10D330001A2B51EC1D0BF2F7C5FF53EC192BF3F729
:10D3400068F853EC182BF2F7BDFF9DED041B53EC6E
:10D35000112BF3F75EF853EC182BF2F7B3FF41EC07
:10D36000180B9FED790B51EC190B53EC102BF3F7C5
:10D3700050F853EC182BF2F7A5FF41EC190B9DED7B
:10D38000160B53EC192B51EC100BF2F79BFF41ECF1
:10D39000180BA74269DC3046F3F71CF941EC1A0B75
:10D3A00051EC180B53EC1A2BF2F78CFF41EC1B0BD2
:10D3B00053EC182B51EC180BF3F72BF853EC1B2BF9
:10D3C000F3F799F853EC192BF3F71DF89DED161BA5
:10D3D00053EC112BF3F71AF89FED5D1B53EC112B57
:10D3E000F3F717F853EC1A2BF3F710F841EC180B7E
:10D3F000022000EAA570C0F10100F3F7EBF853EC4E
:10D40000182BF3F706F800BF41EC100B0AB0BDEC87
:10D410000C8B05B0F0BD711C1698214308430CD04D
:10D420009DED160B012E1CBF53EC102B51EC1C0B69
:10D4300010D000BFF3F75FF8E6E79DED160B51EC57
:10D44000100B00F0B3FF41EC100B51EC1B0B53EC35
:10D45000102BEFE751EC100BFEF77EFD042808BF00
:10D4600000F0C6F89DED160BD0E7012E04BFB0EE1C
:10D47000480AF0EE680AC9D08DED048B00240494AC
:10D480009DED040B53EC102B9DED160B51EC100B86
:10D49000F2F7BCFF53EC192BF2F7B8FF41EC190B74
:10D4A00053EC182B51EC1C0BF3F725F841EC180B3F
:10D4B0008DED008B00949DED040B53EC102B9DED36
:10D4C000000B51EC100BF2F7A4FF53EC1B2BF2F7FF
:10D4D000F9FE9DED000B41EC1A0B53EC192B51ECAE
:10D4E000100BF2F796FF53EC1A2BF2F7EBFE53EC0E
:10D4F000182BF2F78EFF9DED001B53EC112BF2F76A
:10D50000E1FE81E7000000000000303E0000000066
:10D51000000000000000F03F000000000000F0BF2D
:10D520002894E53F00000000182D4454FB21E93FFA
:10D53000075C143326A6813C0000000000000000B8
:10D540004A7D0000607D0000635555555555D53F17
:10D5500000000000000000409FED070B10B553ECE9
:10D56000102B9FED070B51EC100BF2F7C4FF41ECB1
:10D57000100B10BD000000000000000000000000C3
:10D58000000000000000F03F10B553EC102B51ECF0
:10D59000100BF2F797FE41EC100B10BD10B553ECD9
:10D5A000112B51EC100BF2F78DFE41EC100B10BD5E
:10D5B0009FED050B10B553EC102B51EC100BF2F74F
:10D5C0009AFF41EC100B10BD0000000000000000AD
:10D5D0009FED050B10B553EC102B51EC100BF2F72F
:10D5E00018FF41EC100B10BD00000000000000709F
:10D5F0009FED050B10B553EC102B51EC100BF2F70F
:10D6000008FF41EC100B10BD0000000000000010EE
:10D6100002E008C8121F08C1002AFAD170477047FB
:10D62000002001E001C1121F002AFBD17047000059
:10D6300001490860704700009C0300202DE9FF5F4E
:10D6400082B00021DDE90430020DDDF840B0034373
:10D6500018D044F61050A2F2FF324243151411982C
:10D6600001281FD0A5EB0B00401C5FEA000A4FF019
:10D6700000064E4FDFF83891B046504615D5CAF136
:10D68000000413E0119801244AA3012801D16FEA94
:10D690000B010298119AC0E90031C0E9024206B0BC
:10D6A000BDE8F09FCBF10000DFE704460021404ACF
:10D6B000491842EB0450CDE9001012E0E00707D012
:10D6C00032463B4640464946F2F7A3FE804689462D
:10D6D00032463B4610461946F2F79BFE06460F4679
:10D6E0006410002CEAD1DDE90401DDE90023BAF180
:10D6F000000F06DAF2F78DFE42464B46F2F789FE3E
:10D7000005E0F2F7F8FE42464B46F2F7F4FE044617
:10D710000E460022284BF3F727F903D84FF0FF30CD
:10D72000014607E00022254B20463146F2F7CAFDAC
:10D73000F3F701F9102409E0002C0ADB0A22002388
:10D74000F2F7ABFF039B30321A55641E50EA010218
:10D75000F2D1641C039AC4F111031444119A012AF2
:10D7600003D0012208430DD10AE0084304D0002071
:10D770004FF0110B119072E7A3EB0B056D1E0DE03E
:10D780005B4504DD4FF0000205F1010504E003DA1A
:10D790004FF00002A5F10105002AECD00298119982
:10D7A000C0E90231C0E9004579E7000000001440FB
:10D7B0000000F03F300000000000F0430000E03FB8
:10D7C0002DE9FF4F95B09A46884606460025EEE1C2
:10D7D000252877D100242746F94A0121039400E047
:10D7E000044316F8013F203B01FA03F01042F7D141
:10D7F00030782A2811D06FF02F033078A0F1300252
:10D80000092A16D8039A44F0020402EB820203EBC1
:10D8100042021044761C0390EFE758F8042B039261
:10D82000002A03DA504244F40054039044F0020406
:10D83000761C30782E2816D116F8010F44F0040417
:10D840002A280DD06FF02F023078A0F13003092B79
:10D8500009D807EB870302EB4303C718761CF3E7ED
:10D8600058F8047B761C30786C280FD006DC4C28E6
:10D8700017D068280DD06A2814D104E0742810D07D
:10D880007A280FD10DE044F400140AE044F4801427
:10D8900001E044F440147278824202D104F580140D
:10D8A000761C761C307866280BD013DC582877D08D
:10D8B00009DC002875D04528F6D04628F4D0472842
:10D8C0001AD193E118E0632835D0642879D065280F
:10D8D00012D18BE1702873D008DC6728F1D0692859
:10D8E0006FD06E280DD06F2806D1ACE073282CD0F5
:10D8F000752874D0782853D05246179990476D1CDC
:10D9000054E1C4F30250022809D003280DD0D8F8FE
:10D91000001004280DD00D6008F1040846E1D8F885
:10D920000010EA17C1E90052F6E7D8F800100D80A0
:10D93000F2E70D70F0E718F8041B8DF800100020D6
:10D940008DF80100EB46012003E058F804BB4FF0CE
:10D95000FF3061074FF0000102D40DE009F1010131
:10D960008946B9420FDA8145F8DB1BF80910002916
:10D97000F4D108E009F1010189468142FADB1BF884
:10D9800009100029F6D103985346A0EB0907214658
:10D990003846179A00F080FA284400EB090507E0A2
:10D9A00044E008E10DE01BF8010B5246179990473F
:10D9B000B9F10109F7D2534621463846179AF2E0E9
:10D9C00039E00A21C4F302524FF0000B0091022A01
:10D9D00006D058F8040BC117032A09D00AE023E047
:10D9E00008F1070020F00702F2E80201904605E086
:10D9F00000B2C117042A01D140B2C117002906DACA
:10DA00000A460021404261EB02012D2202E022057C
:10DA100004D52B228DF80420012203E0E20701D077
:10DA20002022F7E7914657E00A2100E010214FF04D
:10DA3000000B00910BE010214FF0000B44F00404A8
:10DA40000827009103E008204FF0000B0090C4F37A
:10DA50000252022A05D058F8040B0021032A08D0EC
:10DA600008E008F1070020F00702F2E80201904602
:10DA700003E080B2042A00D1C0B24FF000092207AF
:10DA80002AD53278702A07D0DDF800C08CF0100C4F
:10DA90005CEA0B0C05D00EE040228DF80420012238
:10DAA00008E050EA010306D030238DF804308DF8E9
:10DAB000052002229146009B83F0080353EA0B03E2
:10DAC0000AD150EA010201D1620705D530228DF852
:10DAD00004204FF001097F1E3278582A04D039A261
:10DAE0000C920CAA02920BE03BA2F9E75B46009A6B
:10DAF000F2F7D3FD0C9B9B5C029A521E02921370AC
:10DB000050EA0102F2D1029804A9081A00F1200B90
:10DB1000600702D524F4803400E001275F4502DD70
:10DB2000A7EB0B0000E0002000EB0B010090039836
:10DB30004944401A0390E00306D453462146179AFD
:10DB4000039800F0A9F90544002706E001A8524611
:10DB5000C05D179990476D1C7F1C4F45F6DBE003B5
:10DB60000CD553462146179A039800F095F90544C1
:10DB700004E030205246179990476D1C0099481ECA
:10DB800000900029F5DC08E00298029952460078DE
:10DB9000491C0291179990476D1CBBF10001ABF134
:10DBA000010BF1DC5BE100F065F90544761C30788F
:10DBB00000287FF40DAE19B02846BDE8F08F0000B4
:10DBC0000928010030313233343536373839616253
:10DBD0006364656600000000303132333435363717
:10DBE000383941424344454600000000600700D4F4
:10DBF000062708F1070020F00700F0E8022380461E
:10DC000003F0004C5FEA0C0001D097A009E020056A
:10DC100001D596A005E0E00701D095A001E0AFF2A4
:10DC20004C001390307823F0004365280CD006DCBC
:10DC3000452809D046281DD047287FD13BE06628DB
:10DC400018D067287AD136E00021112F01DB11208E
:10DC500000E0781CCDE9000104A90CA8FFF7EEFC58
:10DC6000DDE90D010C9A4FF0000B07F1010910924C
:10DC700000914EE04FF000400097CDE9011004A95B
:10DC80000CA8FFF7DBFCDDE90D020C9B0F994FF0B0
:10DC9000000B91461093009211B9791C00EB010919
:10DCA000B7EB090003D4C0F1FF3B07F10109A9EB71
:10DCB0000700019042E0012F00DA01270021112F17
:10DCC00001DD112000E03846CDE9000104A90CA8CF
:10DCD000FFF7B4FCDDE90D010C9A00914FF0000B49
:10DCE000B946109221070FD4009A4A4503DA9146AB
:10DCF00001E0A9F10109B9F1010F05DD109AA9F1BF
:10DD00000101515C3029F4D0B84202DA10F1040F5D
:10DD100003DA0121CDE9011010E0002803DC83447F
:10DD2000A9EB000102E0411C494500DD8946A0EB5A
:10DD30000B00401C01904FF000400290200705D4DA
:10DD40000198484502DB4FF0FF30019000208DF82C
:10DD50004B0002980DF14B07B0F1004F25D0022087
:10DD60000C902B200D90029800280CDA4042029073
:10DD70002D200D9007E00A210298F2F778FC30314F
:10DD8000029007F8011D0C99481E0C900029F2DC46
:10DD900002980028EFD1791E0D980870307800F0B5
:10DDA000200040F0450007F8020D11A8C01BC01D5F
:10DDB00002901398007800B1012000EB090101984E
:10DDC00001EBE071029801440398401A401E039051
:10DDD000E00306D453462146179A039800F05CF8F6
:10DDE00005441398007818B15246179990476D1C56
:10DDF000E00323D553462146179A039800F04CF8C8
:10DE000005441BE0BBF1000F07DB0098584504DD1B
:10DE10001098179910F80B0001E01799302052461E
:10DE2000904701980BF1010B401E05F1010501908F
:10DE300004D12E205246179990476D1CB9F100016C
:10DE4000A9F10109DEDC05E017F8010B524617992C
:10DE500090476D1C0299481E02900029F4DC53463D
:10DE60002146179A03989EE62D0000002B00000023
:10DE7000200000002DE9F041044600251E4617460B
:10DE8000880404D405E039462020B0476D1C641E88
:10DE9000F9D52846BDE8F0812DE9F041044600257A
:10DEA0001E469046C80301D5302700E0202788048D
:10DEB00004D505E041463846B0476D1C641EF9D5CF
:10DEC0002846BDE8F081000008B500F0BFFA0090D8
:10DED0003DE00A21684603F00BFB1D480078052849
:10DEE00004D1F9F74BF9F4F7FFFB30E0184800785C
:10DEF00006282CD10E20F4F74FFE164908600420A6
:10DF0000F4F74AFE144908600520F4F745FE13496A
:10DF1000086010480068096801EBC10202EB0111BA
:10DF200000EB81010C480068C72200FB02100C497D
:10DF300008600848006809490968084406490968F2
:10DF400008440749096891FBF0F006490860C0E7FA
:10DF50005802002028000020300000202C00002063
:10DF6000380000203400002000B58DB001210520CC
:10DF7000F8F738FF01210802F8F774FF10200B9022
:10DF800003208DF8300000208DF833000BA92648BF
:10DF9000F4F792FD10200B9001208DF83000002046
:10DFA0008DF832008DF8310001208DF833000BA977
:10DFB0001E48F4F781FD20200B9001208DF83000E1
:10DFC00000208DF832008DF8310001208DF83300EB
:10DFD0000BA91548F4F770FD01210802F8F722FF9C
:10DFE00000214FF48070F8F71DFF0020019004908D
:10DFF00003904FF48030029001A8F2F745FD002015
:10E0000005908DF818008DF81900079009900120EF
:10E010008DF8280005A90648F2F75CFD01210448A7
:10E02000F2F726FD0DB000BD0000024000080240DE
:10E030000020014001462D48006828B92C4800887E
:10E04000401C2B4A108002E00020294A10802748FB
:10E05000006828B92748007810B90120254A1070B7
:10E0600025480078B0B923480078012807D1234813
:10E070000078401C214A107001201F4A10701F4870
:10E080000078022806D100201C4A10701C4A10801B
:10E090000220704715480068012804D10020154A65
:10E0A0001070154A10701548007801281CD11448CA
:10E0B0000088401C124A10801046008888420ADD01
:10E0C0000B480088884206DA00200C4A10700C4A7F
:10E0D00010800120DDE706480088884204DD00202A
:10E0E000064A1070064A10800020D2E70002424221
:10E0F000500000204B0000204C0000204D0000206C
:10E100004E00002010B52DED068BC0B0802120A858
:10E11000F2F7CDF856498979554A527901EB022038
:10E12000F2F758FA41EC1A0B9FED520B53EC102BFF
:10E13000F2F7E1F941EC190BF2F77DFA08EE100A5B
:10E140004B4991F868104A4A92F8672001EB022087
:10E15000F2F740FA41EC1A0B9FED460B53EC102BF3
:10E16000F2F7C9F941EC190BF2F765FA08EE900ADB
:10E1700080216846F2F79BF8012040490870002092
:10E180003F490870B4EEE88AF1EE10FA05DD9FED24
:10E190003D0A38EE800AF0EE408A002462E038EE54
:10E1A000C80A9FED391AC0EE010A00EE104AB8EE17
:10E1B000C01AB0EE480A00EE810A684600EB8400FF
:10E1C00080ED000A684600EB840090ED000ADFED68
:10E1D0002D0AB4EEE00AF1EE10FA0DDD684600EB10
:10E1E000840090ED000ADFED270A30EE600A6846F1
:10E1F00000EB840080ED000A04EB44011C48C01DC4
:10E200000844417804EB44021948C01D805C01EBCE
:10E21000002020A951F82410084420A941F8240026
:10E22000684600EB840090ED000A18481849096818
:10E2300000EBC10080ED010A20A830F8240082B272
:10E24000134801680068401C114B18600F4820F803
:10E25000312018460068B0F5906F02D100201946B1
:10E260000860641C202C9ADB40B0BDEC068B10BD0E
:10E27000382E002000000000000059406C020020F1
:10E280006D0200200000B44300000042A42E0020D4
:10E29000F400002070B504460420F9F7A9FA0C48F0
:10E2A000047025464FF47A704543012009490880DF
:10E2B0004FF0E020006940F002004FF0E0210861DB
:10E2C00008464561006940F00100086170BD00002A
:10E2D000280100202A01002070B5044604F020F82F
:10E2E000012810D00B480088844206D309480088D2
:10E2F000B4FBF0F5284603F0C1F806480088B4FBEB
:10E30000F0F100FB11444FF47A7104FB01F000F0CE
:10E3100003F870BD2A01002070B5034600224FF0BB
:10E32000E02675690D4E367803FB06F44FF0E026C3
:10E33000B16910E04FF0E026B06988420BD0884206
:10E3400002D20E1A324402E02E1A0E443244014622
:10E35000A24200D300E0EDE700BF70BD280100201D
:10E360001CB501210520F8F73DFD01210802F8F751
:10E3700079FD1020009003208DF8040000208DF816
:10E38000070069460748F4F797FB30200090032008
:10E390008DF8040000208DF8070069460248F4F764
:10E3A0008BFB1CBD000802400000024082B0CDE99A
:10E3B000000121F0004001909DED000B02B051ECF6
:10E3C000100B7047F0EE400AF5EEC00AF1EE10FABD
:10E3D00002DBB0EE600A7047B1EE600AFBE70000B6
:10E3E00000BF054A128802F04002002AF9D0C2B2EA
:10E3F000014B1B1D1A8070470044004010B50028D7
:10E4000021D0114B0022001F196803E0814203D87C
:10E410000A4649680029F9D152B11368841A9C420E
:10E4200004D1006818441060104602E0506000E01B
:10E43000186039B102680B1A934203D10B681A4471
:10E4400002604968416010BD9403002010B503F0DC
:10E4500067FF012802D003F073FF10BD0148006878
:10E46000FBE700002C01002018E00D48007801288F
:10E4700006D10C480068C0430B49C1F8B00209E05E
:10E4800007480078022805D108480068C0430849B9
:10E49000C1F8A0020748006802F0F0FFE5E70000BD
:10E4A00000A80020B002404200004042A0024242C8
:10E4B00000004242680000201CB502F067FC0748DB
:10E4C000012100230A02CDE9001005A1074803F04D
:10E4D000F7FE03F0DDF900201CBD00000000002065
:10E4E00073746172745F7461736B0000B90C01081E
:10E4F000F0B50B30154D20F007010024144A0FE051
:10E5000003688B420BD38B4205D95E1A43184768C8
:10E51000C3E9006700E04368136002C004E0021D25
:10E5200010680028ECD12046002802D1286808B1E4
:10E530000020F0BD064A07481060074A121A22F070
:10E540000702C0E9002401202860D7E798030020D3
:10E550009403002044B3002040B500200146002968
:10E5600001DA484200E00846704710B50246012033
:10E5700000E050430B1EA1F10104E1B2F9D110BD3E
:10E580000EB540F20510FA4908600A210920F5F796
:10E59000D7F8F849086008460068F549096890FB13
:10E5A000F1F002900298052801DD05200290F24862
:10E5B00090ED000ADFEDF10A20EE200ABDEEC00A60
:10E5C000EF4880ED000A4FF48061EE48F1F76FFEEE
:10E5D000ED480078012821D1EC48007830B10020C6
:10E5E000EA4908700120EA4908700EBDF7F732FDCC
:10E5F000E84807236022012100902020F7F742FD20
:10E60000E5A232210C20F7F763FFF7F787FE012020
:10E61000E44908700020DC490870E6E7E248007829
:10E6200001281DD1DF480078B8B1E0480078401CCF
:10E63000C0B2DE4908700A2807DADDA232210C20B8
:10E64000F7F746FFF7F76AFECFE70020D5490870D5
:10E65000D64908700120CE4908700120CB490870C6
:10E66000D7480078052872D1F7F754FFD5A20A21C0
:10E670000020F7F72DFF0C2005230090D4480288D6
:10E680000A212820F7F7DAFE0298062828D2DFE8C8
:10E6900000F003090F151B21CEA20A215620F7F71F
:10E6A00017FF1DE0CDA20A215620F7F711FF17E052
:10E6B000CCA20A215620F7F70BFF11E0CBA20A21CA
:10E6C0005620F7F705FF0BE0CAA20A215620F7F7FC
:10E6D000FFFE05E0C9A20A215620F7F7F9FE00BFA8
:10E6E00000BFC8A214210020F7F7F2FE0C2005237A
:10E6F0000090C748028814215A20F7F79FFEC5A250
:10E700001E210020F7F7E4FEC34890ED020AB5EEA3
:10E71000C00AF1EE10FA1BD2C0A21E210F20F7F79B
:10E72000D7FE0C200090BC4890ED020AB1EE400AE2
:10E73000DFEDBB0A20EE200ABCEEC00A8DED010A17
:10E7400005231E211920019AF7F778FE18E044E20C
:10E75000B4A21E210F20F7F7BBFE0C200090AE489C
:10E7600090ED020ADFEDAE0A20EE200ABCEEC00AF0
:10E770008DED010A05231E211920019AF7F75EFE8F
:10E78000A9A21E213C20F7F7A3FEA84890ED020A9B
:10E79000B5EEC00AF1EE10FA1AD2A0A21E214B204B
:10E7A000F7F796FE0C200090A04890ED020AB1EE1B
:10E7B000400ADFED9B0A20EE200ABCEEC00A8DED78
:10E7C000010A05231E215520019AF7F737FE17E0AD
:10E7D00094A21E214B20F7F77BFE0C20009093485B
:10E7E00090ED020ADFED8E0A20EE200ABCEEC00A90
:10E7F0008DED010A05231E215520019AF7F71EFE13
:10E800008B48007818B18A48007804287ED189A204
:10E8100028210020F7F75CFE874890ED020AB5EE4C
:10E82000C00AF1EE10FA1AD27CA228210F20F7F7C5
:10E830004FFE0C200090804890ED020AB1EE400A95
:10E84000DFED770A20EE200ABCEEC00A8DED010A4A
:10E85000052328211920019AF7F7F0FD17E071A28E
:10E8600028210F20F7F734FE0C200090724890ED1D
:10E87000020ADFED6B0A20EE200ABCEEC00A8DED25
:10E88000010A052328211920019AF7F7D7FD6BA269
:10E8900028213C20F7F71CFE694890ED020AB5EEEE
:10E8A000C00AF1EE10FA1AD25CA228214B20F7F729
:10E8B0000FFE0C200090624890ED020AB1EE400A73
:10E8C000DFED570A20EE200ABCEEC00A8DED010AEA
:10E8D000052328215520019AF7F7B0FDFDE351A249
:10E8E00028214B20F7F7F4FD0C200090544890EDC0
:10E8F000020ADFED4B0A20EE200ABCEEC00A8DEDC5
:10E90000010A052328215520019A00E002E0F7F7CB
:10E9100095FDE3E746480078022827D149A228213F
:10E920000020F7F7D5FD4948006800280FDA3BA220
:10E9300028213C20F7F7CCFD0C200423009043480D
:10E940000068424228215020F7F778FDC6E735A23B
:10E9500028213C20F7F7BCFD0C20042300903B4805
:10E96000282102685020F7F769FDB7E770E0000042
:10E97000C001002048020020180000200000C8420A
:10E9800018030020A0040020310300202C030020E5
:10E990001E030020D44C010855534220496E69746F
:10E9A0002E2E00002D030020300300202E03002017
:10E9B00055534220496E6974204F4B20202000009F
:10E9C000580200204D656469616E203A0000000025
:10E9D000240000204D656320000000004F6D6E692B
:10E9E00000000000416B6D20000000004469666675
:10E9F00000000000345744200000000054616E6B9A
:10EA0000000000005468726573686F6C64203A00FF
:10EA100026000020413A0000B0A700202D00000091
:10EA200000007A442B000000423A0000C4A70020F6
:10EA3000C4010020433A0000D8A70020443A000057
:10EA4000ECA70020534552564F3A0000C801002061
:10EA5000FE480078012843D1AFF228022821002087
:10EA6000F7F736FDFA4890ED020AB5EEC00AF1EE6E
:10EA700010FA1BD2AFF25C0228210F20F7F728FD15
:10EA80000C200090F24890ED020AB1EE400A5FEDD2
:10EA90001C0A20EE200ABCEEC00A8DED010A0523F7
:10EAA00028211920019AF7F7C9FC17E7AFF28C0269
:10EAB00028210F20F7F70CFD0C200090E44890ED82
:10EAC000020A5FED290A20EE200ABCEEC00A8DED95
:10EAD000010A052328211920019AF7F7AFFCFDE66A
:10EAE000DA480078032803D0D84800780528DCD11C
:10EAF000D8A228210020F7F7EBFCD74890ED010AB7
:10EB0000B5EEC00AF1EE10FA17D2AFF2F0022821EA
:10EB10001420F7F7DDFC0C200090CF4890ED010A9F
:10EB2000B1EE400ABCEEC00A8DED010A0423282193
:10EB30001E20019AF7F782FC14E0AFF21812282188
:10EB40001420F7F7C5FC0C200090C34890ED010A93
:10EB5000BCEEC00A8DED010A042328211E20019A73
:10EB6000F7F76CFCBDA228213C20F7F7B1FCBC48AC
:10EB700090ED010AB5EEC00AF1EE10FA17D2AFF22D
:10EB8000641228215020F7F7A3FC0C200090B44811
:10EB900090ED010AB1EE400ABCEEC00A8DED010A0B
:10EBA000042328215A20019AF7F748FC96E6AFF291
:10EBB0008C1228215020F7F78BFC0C200090A848DD
:10EBC00090ED010ABCEEC00A8DED010A0423282154
:10EBD0005A20019AF7F732FC80E6A248007806280E
:10EBE0007ED1029806282ED2DFE800F0030A111821
:10EBF0001F26AFF2202200210846F7F769FC22E029
:10EC0000AFF2282200210846F7F762FC1BE0AFF2C2
:10EC10002C2200210846F7F75BFC14E0AFF2342207
:10EC200000210846F7F754FC0DE0AFF2382200212E
:10EC30000846F7F74DFC06E0AFF2402200210846F7
:10EC4000F7F746FC00BF00BF87A200213C20F7F782
:10EC50003FFC0C20052300908448002102685020CE
:10EC6000F7F7ECFB82A20A210020F7F731FC0C2019
:10EC7000052300907F480A2102681420F7F7DEFB85
:10EC80007DA20A213C20F7F723FC0C2005230090ED
:10EC90007A480A2102685020F7F7D0FB78A21421A5
:10ECA0000020F7F715FC0C2005230090764814216E
:10ECB00002682820F7F7C2FB64480078A8B16348CF
:10ECC0000078042811D06148007802280DD05F48F0
:10ECD0000078032809D05D480078052805D000E0B9
:10ECE00034E25A48007801286BD1AFF2D8221E21B5
:10ECF0000020F7F7EDFB584890ED020AB5EEC00A88
:10ED0000F1EE10FA1BD2AFF2EC221E210F20F7F722
:10ED1000DFFB0C200090504890ED020AB1EE400A53
:10ED20005FEDC10A20EE200ABCEEC00A8DED010A9B
:10ED300005231E211920019AF7F780FB18E0AFF296
:10ED40001C321E210F20F7F7C3FB0C200090424815
:10ED500090ED020A5FEDCE0A20EE200ABCEEC00A5A
:10ED60008DED010A05231E211920019AF7F766FB94
:10ED7000AFF24C321E213C20F7F7AAFB384890ED49
:10ED8000020AB5EEC00AF1EE10FA1BD2AFF27432ED
:10ED90001E214B20F7F79CFB0C200090304890ED93
:10EDA000020AB1EE400A5FEDE20A20EE200ABCEE54
:10EDB000C00A8DED010A05231E215520019AF7F79F
:10EDC0003DFB18E0AFF2A4321E214B20F7F780FB89
:10EDD0000C200090224890ED020A5FEDEF0A20EE31
:10EDE000200ABCEEC00A8DED010A05231E21552024
:10EDF000019AF7F723FB1548007818B113480078FB
:10EE000004287DD1AFF2D43228210020F7F760FB2F
:10EE10000F4890ED020AB5EEC00AF1EE10FA3ED2AC
:10EE2000AFF2084228210F20F7F752FB0C20009088
:10EE3000074890ED020AB1EE400ADFED140A20EE19
:10EE4000200ABCEEC00A8DED010A21E0C4010020B9
:10EE5000D8A700204D410000B0A700204D4200007F
:10EE6000C4A70020580200204C3A000028000020CF
:10EE70004D3A00002C000020523A000030000020E3
:10EE800044657669613A00003400002000007A444D
:10EE9000052328211920019AF7F7D0FA18E0AFF2DC
:10EEA0007C4228210F20F7F713FB0C200090FD482F
:10EEB00090ED020A5FED0B0A20EE200ABCEEC00ABC
:10EEC0008DED010A052328211920019AF7F7B6FADA
:10EED000AFF2984228213C20F7F7FAFAF24890ED79
:10EEE000020AB5EEC00AF1EE10FA1DD2AFF2D4421A
:10EEF00028214B20F7F7ECFA0C200090EA4800E0BC
:10EF00002CE090ED020AB1EE400A5FED200A20EEFF
:10EF1000200ABCEEC00A8DED010A052328215520E8
:10EF2000019AF7F78BFAD9E4AFF2085228214B2067
:10EF3000F7F7CEFA0C200090DB4890ED020A5FED67
:10EF40002D0A20EE200ABCEEC00A8DED010A052331
:10EF500028215520019AF7F771FABFE4D3480078C9
:10EF600002282AD1AFF2245228210020F7F7B0FA64
:10EF7000CF480068002810DAAFF2605228213C2008
:10EF8000F7F7A6FA0C2004230090C9480068424213
:10EF900028215020F7F752FAA0E4AFF27852282146
:10EFA0003C20F7F795FA0C2004230090C048282154
:10EFB00002685020F7F742FA90E4BC480078012834
:10EFC00043D1AFF2905228210020F7F781FAB548DB
:10EFD00090ED020AB5EEC00AF1EE10FA1BD2AFF2C4
:10EFE000C45228210F20F7F773FA0C200090AD4887
:10EFF00090ED020AB1EE400A5FED5C0A20EE200AB5
:10F00000BCEEC00A8DED010A052328211920019AC2
:10F01000F7F714FA62E4AFF2F45228210F20F7F761
:10F0200057FA0C2000909F4890ED020A5FED690AA4
:10F0300020EE200ABCEEC00A8DED010A052328212E
:10F040001920019AF7F7FAF948E49848007803285C
:10F0500003D09648007805289ED1AFF208222821D7
:10F060000020F7F735FA934890ED010AB5EEC00A93
:10F07000F1EE10FA17D2AFF25C6228211420F7F7F4
:10F0800027FA0C2000908B4890ED010AB1EE400A5F
:10F09000BCEEC00A8DED010A042328211E20019A2E
:10F0A000F7F7CCF914E0AFF2846228211420F7F7C7
:10F0B0000FFA0C2000907F4890ED010ABCEEC00AC8
:10F0C0008DED010A042328211E20019AF7F7B6F9D5
:10F0D000AFF2782228213C2000E0F2E3F7F7F8F9BC
:10F0E000754890ED010AB5EEC00AF1EE10FA17D29C
:10F0F000AFF2D86228215020F7F7EAF90C200090EF
:10F100006D4890ED010AB1EE400ABCEEC00A8DEDEB
:10F11000010A042328215A20019AF7F78FF915E4F0
:10F12000AFF2007228215020F7F7D2F90C2000909E
:10F13000614890ED010ABCEEC00A8DED010A04237E
:10F1400028215A20019AF7F779F9BAE3029806289C
:10F1500028D2DFE800F003090F151B2157A2002178
:10F160000846F7F7B5F91DE059A200210846F7F760
:10F17000AFF917E05BA200210846F7F7A9F911E003
:10F180005DA200210846F7F7A3F90BE05FA200217A
:10F190000846F7F79DF905E061A200210846F7F758
:10F1A00097F900BF00BF63480078012802D061488A
:10F1B0000078A8B960A200213020F7F789F96048EB
:10F1C000006840B15F48007828B15FA2002160204C
:10F1D000F7F77EF904E05DA200216020F7F778F9E7
:10F1E0003248007838B131480078012803D02F48E0
:10F1F0000078042855D156A20A210020F7F768F9B3
:10F200002C4890ED020AB5EEC00AF1EE10FA1BD2BE
:10F21000AFF2F8720A210F20F7F75AF90C2000908C
:10F22000244890ED020AB1EE400A5FEDE80A20EEB4
:10F23000200ABCEEC00A8DED010A05230A21142024
:10F24000019AF7F7FBF818E0AFF628020A210F2021
:10F25000F7F73EF90C200090164890ED020A5FED9A
:10F26000F50A20EE200ABCEEC00A8DED010A052346
:10F270000A211420019AF7F7E1F80E4890ED000AF0
:10F28000B5EEC00AF1EE10FA76D2AFF670020A219E
:10F290003C20F7F71DF90C200090064890ED000A7D
:10F2A00058E083E0D8A70020ECA70020C40100208C
:10F2B000C8010020B0A70020C4A700204D6563202E
:10F2C00020202020202020202020202000000000BE
:10F2D0004F6D6E692020202020202020202020201B
:10F2E00000000000416B6D202020202020202020E5
:10F2F0002020202000000000446966662020202095
:10F30000202020202020202000000000345744200E
:10F31000202020202020202020202020000000006D
:10F3200054616E6B202020202020202020202020CF
:10F33000000000005802002041766F69643A200006
:10F34000540200206C0200204F204E004F46460021
:10F3500041000000B1EE400ADFEDF90A20EE200A7C
:10F36000BCEEC00A8DED010A05230A214B20019A4B
:10F37000F7F764F8A6E0FFE7AFF658120A213C2041
:10F38000F7F7A6F80C200090EE4890ED000ADFEDAC
:10F39000EC0A20EE200ABCEEC00A8DED010A05231E
:10F3A0000A214B20019AF7F749F88BE0E6480078EC
:10F3B000022807D0E4480078032803D0E248007808
:10F3C00005287FD1AFF260520A210020F7F780F8BC
:10F3D000DC4890ED020AB5EEC00AF1EE10FA1BD23D
:10F3E000AFF6C8120A210F20F7F772F80C20009030
:10F3F000D44890ED020AB1EE400ADFEDD10A20EECA
:10F40000200ABCEEC00A8DED010A05230A21142052
:10F41000019AF7F713F818E0AFF6F8120A210F2057
:10F42000F7F756F80C200090C64890ED020ADFED81
:10F43000C40A20EE200ABCEEC00A8DED010A0523A5
:10F440000A211420019AF6F7F9FFBE4890ED000A50
:10F45000B5EEC00AF1EE10FA1BD2AFF640220A2137
:10F460003C20F7F735F80C200090B64890ED000AE4
:10F47000B1EE400ADFEDB20A20EE200ABCEEC00A6F
:10F480008DED010A05230A214B20019AF6F7D6FFDC
:10F4900018E0AFF670220A213C20F7F719F80C208B
:10F4A0000090A84890ED000ADFEDA50A20EE200AA2
:10F4B000BCEEC00A8DED010A05230A214B20019AFA
:10F4C000F6F7BCFFAFF2506214210020F7F700F806
:10F4D0009E4890ED020AB5EEC00AF1EE10FA1BD27A
:10F4E000AFF6C82214210F20F6F7F2FF0C2000908F
:10F4F000964890ED020AB1EE400ADFED910A20EE47
:10F50000200ABCEEC00A8DED010A0523142108462D
:10F51000019AF6F793FF18E0AFF6F82214210F20B6
:10F52000F6F7D6FF0C200090884890ED020ADFED38
:10F53000840A20EE200ABCEEC00A8DED010A0523E4
:10F5400014210846019AF6F779FF804890ED000AE9
:10F55000B5EEC00AF1EE10FA1BD2AFF6403214211C
:10F560003C20F6F7B5FF0C200090784890ED000A9B
:10F57000B1EE400ADFED720A20EE200ABCEEC00AAE
:10F580008DED010A052314214B20019AF6F756FF51
:10F5900018E0AFF6703214213C20F6F799FF0C20EA
:10F5A00000906A4890ED000ADFED650A20EE200A1F
:10F5B000BCEEC00A8DED010A052314214B20019AEF
:10F5C000F6F73CFF6048007838B15F4800780128C2
:10F5D00003D05D48007804287ED15DA2142100206C
:10F5E000F6F776FF594890ED020AB5EEC00AF1EE43
:10F5F00010FA1BD2AFF6DC3214210F20F6F768FFA9
:10F600000C200090514890ED020AB1EE400ADFED67
:10F610004C0A20EE200ABCEEC00A8DED010A05233B
:10F6200014210846019AF6F709FF18E0AFF60C42DC
:10F6300014210F20F6F74CFF0C200090434890ED6A
:10F64000020ADFED3F0A20EE200ABCEEC00A8DED73
:10F65000010A052314210846019AF6F7EFFE3B48FC
:10F6600090ED000AB5EEC00AF1EE10FA1BD2AFF62B
:10F67000544214213C20F6F72BFF0C200090334815
:10F6800090ED000AB1EE400ADFED2D0A20EE200ACF
:10F69000BCEEC00A8DED010A052314214B20019A0E
:10F6A000F6F7CCFE18E0AFF6844214213C20F6F7C2
:10F6B0000FFF0C200090254890ED000ADFED200A96
:10F6C00020EE200ABCEEC00A8DED010A05231421AC
:10F6D0004B20019AF6F7B2FE1B48007838B11A4861
:10F6E0000078012803D018480078042872D119A2A4
:10F6F0001E210020F6F7ECFE174890ED020AB5EE49
:10F70000C00AF1EE10FA29D2AFF6F0421E210F2006
:10F71000F6F7DEFE0C2000900F4890ED020AB1EEE5
:10F72000400ADFED070A20EE200ABCEEC00A8DED8C
:10F73000010A05231E211420019AF6F77FFE26E018
:10F7400000007A44B0A70020C4010020C4A7002014
:10F750004200000043000000D8A70020AFF63C5252
:10F760001E210F20F6F7B4FE0C200090FE4890ED0D
:10F77000020A5FED0D0A20EE200ABCEEC00A8DEDF4
:10F78000010A05231E211420019AF6F757FEF648B8
:10F7900090ED000AB5EEC00AF1EE10FA1BD2AFF6FA
:10F7A00084521E213C20F6F793FE0C200090EE4878
:10F7B00090ED000AB1EE400A5FED1F0A20EE200A2C
:10F7C000BCEEC00A8DED010A05231E214B20019AD3
:10F7D000F6F734FE18E0AFF6B4521E213C20F6F7DF
:10F7E00077FE0C200090E04890ED000A5FED2C0AB7
:10F7F00020EE200ABCEEC00A8DED010A05231E2171
:10F800004B20019AF6F71AFED848007802282AD130
:10F81000AFF6D0521E210020F6F75AFED4480068F9
:10F82000002810DAAFF60C621E213C20F6F750FEDD
:10F830000C2004230090CE48006842421E21502034
:10F84000F6F7FCFD53E0AFF624621E213C20F6F7EC
:10F850003FFE0C2004230090C5481E210268502062
:10F86000F6F7ECFD43E0C1480078032803D0BF4819
:10F87000007805283BD1AFF624221E210020F6F7A0
:10F8800027FEBC4890ED010AB5EEC00AF1EE10FA71
:10F8900018D2AFF678621E212820F6F719FE0C2048
:10F8A0000090B44890ED010AB1EE400ABCEEC00AE7
:10F8B0008DED010A04231E213220019AF6F7BEFDC8
:10F8C00015E0C9E0AFF6A4621E212820F6F700FE7D
:10F8D0000C200090A74890ED010ABCEEC00A8DED07
:10F8E000010A04231E213220019AF6F7A7FD9F4842
:10F8F000007818B19D48007804287DD19EA2282167
:10F900000020F6F7E5FD9D4890ED020AB5EEC00A2D
:10F91000F1EE10FA1BD2AFF6FC6228210F20F6F7A9
:10F92000D7FD0C200090954890ED020AB1EE400AF8
:10F930005FED7D0A20EE200ABCEEC00A8DED010AC3
:10F94000052328211420019AF6F778FD18E0AFF678
:10F950002C7228210F20F6F7BBFD0C200090874861
:10F9600090ED020A5FED8A0A20EE200ABCEEC00A82
:10F970008DED010A052328211420019AF6F75EFD7A
:10F980007E4890ED000AB5EEC00AF1EE10FA1BD2E7
:10F99000AFF6787228213C20F6F79AFD0C200090F3
:10F9A000764890ED000AB1EE400A5FED9B0A20EE2A
:10F9B000200ABCEEC00A8DED010A052328214B2048
:10F9C000019AF6F73BFD5CE0AFF6A87228213C20D7
:10F9D000F6F77EFD0C200090684890ED000A5FED80
:10F9E000A80A20EE200ABCEEC00A8DED010A05230C
:10F9F00028214B20019A00E002E0F6F71FFD40E0CD
:10FA00005A480078032803D058480078052838D190
:10FA1000AFF6B83228210020F6F75AFD584890ED8D
:10FA2000010AB5EEC00AF1EE10FA16D255A228214D
:10FA30000846F6F74DFD0C200090514890ED010A64
:10FA4000B1EE400ABCEEC00A8DED010A0423282164
:10FA50003220019AF6F7F2FC13E04BA22821084667
:10FA6000F6F736FD0C200090454890ED010ABCEEFB
:10FA7000C00A8DED010A042328213220019AF6F7ED
:10FA8000DDFC42480078052805D141A23221002042
:10FA9000F6F71EFD39E03D480078062805D13EA264
:10FAA00032210020F6F714FD2FE0384800780228B4
:10FAB00005D13BA232210020F6F70AFD25E03348AC
:10FAC0000078032805D137A232210020F6F700FD87
:10FAD0001BE02E480078042805D133A232210020F3
:10FAE000F6F7F6FC11E029480078012805D12FA28D
:10FAF00032210020F6F7ECFC07E02448007820B91A
:10FB00002BA232210020F6F7E3FC2A4800680128E6
:10FB100009D12948007830B9AFF2D47232212D20B2
:10FB2000F6F7D6FC05E0AFF2DC7232212D20F6F7B5
:10FB3000CFFC22480068642190FBF1F001900C207A
:10FB40000223009032214B20019AF6F777FC1CA289
:10FB500032215820F6F7BCFC18480068642190FB5D
:10FB6000F1F201FB12002DE0D8A70020C401002013
:10FB7000C8010020B0A7002044000000ECA700202E
:10FB8000C4A700202D0000002B0000005802002018
:10FB90004343442020000000454C45202000000045
:10FBA00041564F00466F6C00416C6F00505332005D
:10FBB000415050000C824142BC010020180300203B
:10FBC0002E00000001900C200223009032216220C0
:10FBD000019AF6F733FC0DA232216E20F6F778FC7D
:10FBE0000B480068642190FBF1F201FB12000A2827
:10FBF00007DA0C2002230022322100905C20F6F765
:10FC00001DFCF6F765FB00BFFEF7EFBC56000000D9
:10FC1000180300202DE9F84307460D4691461C467F
:10FC20003E464FF0000800BFEFF30580E0B10EB193
:10FC300005B114B16FF0030829E0002000906A4676
:10FC40002946304602F07EFA012802D06FF0020801
:10FC50001DE00098D8B14FF080500E490860BFF306
:10FC60004F8FBFF36F8F12E006B115B96FF0030825
:10FC70000DE0002322462946304601F0BDFF012851
:10FC800005D014B16FF0010801E06FF002084046A2
:10FC9000BDE8F88304ED00E02DE9F84307460C4683
:10FCA00090461D463E4600BFEFF30580B8B1F6B161
:10FCB000ECB1E5B90020009000236A4621463046A9
:10FCC00002F0B8F9012812D1009880B14FF08050AD
:10FCD00008490860BFF34F8FBFF36F8F07E036B15D
:10FCE0002CB100232A462146304602F0C1F8BDE877
:10FCF000F883000004ED00E02DE9F04105460E46D2
:10FD00001C4807681C480068001D01F0F9F950B94B
:10FD10001948006890F82C1001208840174909689C
:10FD2000814316480160681C38B936B11248016831
:10FD3000091D134801F022FA1AE07C190E480068E8
:10FD40004460BC4207D20C480168091D0D48006898
:10FD500001F0FAF90CE008480168091D0A4800683A
:10FD600001F0F2F909480068844201D207480460B2
:10FD7000BDE8F0815C010020480100206001002006
:10FD800068570020500100204C010020780100201D
:10FD900010B5044601F0FEF924480068401C2349D0
:10FDA00008602348006840B921480460084600689C
:10FDB00001280DD100F0EEF90AE01E48006838B9BC
:10FDC0001B480068C06AE16A884201D8184804608C
:10FDD00019480068401C18490860084600686064BB
:10FDE00094F82C10012088401449096808431349ED
:10FDF0000860E16A01EB8101114A02EB8100211DDB
:10FE000001F0BCF901F00AFA0A48006868B1084834
:10FE10000068C06AE16A884207D24FF08050094901
:10FE20000860BFF34F8FBFF36F8F10BD58010020E4
:10FE300048010020640100207401002060010020BE
:10FE40009854002004ED00E010B501F0A3F910482B
:10FE50000068D0B90F4801F067F90F4801F064F964
:10FE60000C480E4908600C480D490860002210211A
:10FE7000052001F087FE064908600846006820B1A9
:10FE800008A10348006801F0BDFA01F0C7F910BDF0
:10FE90008C0100207C570020905700208401002016
:10FEA00088010020546D72510000000070B523E0FD
:10FEB00001F044FD1348006808B9012000E000206B
:10FEC000054602F0B9FBBDB901F064F90D48C06800
:10FED000C468201D01F014F90B480068401E0A494F
:10FEE00008600A480068401E0849086001F096F959
:10FEF000204600F060F800BF044800680028D7D111
:10FF000070BD00005457002058010020540100200B
:10FF100070B504460D46206C70B1216CE068084451
:10FF2000E0606168E068884201D32068E0602846AC
:10FF3000226CE168F0F7A2F970BD2DE9F0410446AA
:10FF40000F4615464FF00008A66B206C40B920689C
:10FF500060BB606802F0AAFA80460020606025E07D
:10FF60007DB93946226CA068F0F788F9216CA06849
:10FF70000844A060D4E90110884217D32068A0602B
:10FF800014E03946226CE068F0F778F9216CE068FB
:10FF9000401AE0602168E068884203D2216C606802
:10FFA000401AE060022D01D106B1761E701CA063DC
:10FFB0004046BDE8F08110B50446206B01F066F9BB
:10FFC000204601F063F910BD0146084A1268126824
:10FFD0000AB9012200E000220A600A6822B9034A35
:10FFE0001268D268106800E0002070478401002089
:10FFF00030B54FF4A043174800F007042CB1C01DE2
:020000040801F1
:1000000020F00700134C041B1B1B0246124C2260FD
:100010000024114D6C60D018083820F007000F4CF8
:10002000206000240D4D2D686C600C4D2D682C60F7
:100030001146441A4C60094C24680C60084D4C6809
:100040002C60084D4C682C604FF00044064D2C602D
:1000500030BD0000A4570020A4010020AC01002006
:10006000B4010020B0010020B801002000BFFFF75C
:100070001DFF064800680128F9D94FF08050044957
:100080000860BFF34F8FBFF36F8FF0E798540020E5
:1000900004ED00E02DE9F04106460D46174698466E
:1000A000069C0DB9246000E02760E6632564012109
:1000B000204601F085FE84F850800020A064BDE851
:1000C000F08100002DE9F05F82460F4690469B4686
:1000D0000A9E0C9C4FEA8801A522206BF0F7E0F8FD
:1000E000A8F10100216B01EB800929F0070909F053
:1000F000070008B9012000E0002028B940F22B32A7
:100100001BA120A0FBF718FF002507E0795D04F193
:1001100034004155785D00B902E06D1C102DF5D317
:1001200000BF002143200155202E00D31F26E66288
:10013000E66400202065201D01F003F804F118009A
:1001400000F0FFFF2461C6F12000A061646200207E
:10015000606584F858005A465146484600F098FCBD
:1001600020600B9808B10B980460BDE8F09F000078
:100170002E2E5C4672656552544F535C7461736BEE
:10018000732E63004572726F723A25732C25640DCD
:100190000A00000010B5002407E004EB84010F4AB8
:1001A00002EB810000F0C0FF641C202CF5D30C484A
:1001B00000F0BAFF0B4800F0B7FF0B4800F0B4FFA7
:1001C0000A4800F0B1FF0A4800F0AEFF04480949B0
:1001D000086004480849086010BD000098540020D9
:1001E000185700202C57002040570020545700205B
:1001F000685700204C0100205001002010B5014636
:10020000164800E0006803688B42FBD3024643684F
:1002100013448B4204D143684C6823444360014635
:100220000A464B6813440468A34211D10C4C03687E
:100230002468A34208D04B680468646823444B6078
:1002400003681B680B6005E0054B1B680B6001E051
:1002500003680B60884200D0016010BDA40100203B
:10026000AC0100202DE9F04104460D4616461F461C
:100270004FF0000865602461B5420CD8F01BA169FD
:10028000884202D34FF0010811E0211D094800689F
:1002900000F05AFF0BE0BE4204D2BD4202D34FF041
:1002A000010804E0211D0448006800F04DFF4046AD
:1002B000BDE8F081880100208401002070B505466A
:1002C00000F068FFA86B08B9012400E0002400F0EA
:1002D000A5FF204670BD70B5054600F05BFFA86B1A
:1002E000E96B884201D1012400E0002400F096FF70
:1002F000204670BD2DE9F3410D460098846C00271F
:100300002CB940F6CE121AA11EA0FBF715FEA06B69
:10031000E16B884201D2012000E0002028B940F6BC
:10032000CF1213A117A0FBF707FEA06BE16B884269
:100330001BD294F945602A4669462046FFF7FDFD29
:100340000746701C60B9606A08B9012000E000200F
:1003500050B904F1240002F015F928B1012703E097
:10036000701C40B284F8450000BF3846BDE8FC81EF
:100370002E2E5C4672656552544F535C71756575DF
:10038000652E63004572726F723A25732C25640DD9
:100390000A000000F8B505460F4613480068C0681B
:1003A000C468201D00F0ACFEE069012818D1A069E6
:1003B00041192B463A462046FFF754FF80B10020F2
:1003C00003462A4601460090204602F0FFF9064601
:1003D0002EB94FF4027205A10AA0FBF7ADFD00BFD4
:1003E0002046616A8847F8BD840100202E2E5C46B5
:1003F00072656552544F535C74696D6572732E63F8
:10040000000000004572726F723A25732C25640D4E
:100410000A000000F0B587B070E0039800280CDAFD
:1004200004AE2EB940F2E7223AA140A0FBF784FDCA
:10043000D6E90020B168904700BF039800285DDB33
:10044000059C606908B9012000E0002010B9201D5A
:1004500000F056FE02A800F0C7F8054603980A28E7
:100460004AD2DFE800F00905072C2E4506082D2F9B
:1004700000BF00BF00BF00BF0498A26981180346F7
:100480002A462046FFF7EEFEC0B12046616A884743
:10049000E069012812D1002000900498A169421857
:1004A00000231946204602F091F907462FB940F281
:1004B000213218A11DA0FBF73FFD00BF1DE000BFCA
:1004C0001BE000BF0498A061A06908B1012000E012
:1004D000002028B94FF44E720EA114A0FBF72CFD9A
:1004E000A06941192B462A462046FFF7BBFE04E0CF
:1004F000204600F0CBFE00E000BF00BF00231A46FC
:1005000003A90E48006801F077FB002885D107B0E9
:10051000F0BD00002E2E5C4672656552544F535C50
:1005200074696D6572732E63000000004572726F0E
:10053000723A25732C25640D0A0000008C010020FE
:10054000F8B505460C4601F0F9F9684600F04CF89C
:100550000646009820BB44B9B54206D802F06CF8B4
:1005600031462846FFF716FF1CE03CB10E480068F4
:10057000006808B9012000E000200446A91B2246BB
:100580000A48006800F054FF02F056F850B94FF0E6
:10059000805007490860BFF34F8FBFF36F8F01E0B2
:1005A00002F04AF8F8BD0000880100208C0100200C
:1005B00004ED00E00A490968096809B9012100E071
:1005C000002121B14FF0FF31064A116006E00449D5
:1005D0000968C968C868034A41681160704700002B
:1005E0004C0100207801002070B5044601F0A8FEFF
:1005F000054607480068854204D200F00BF8012048
:10060000206001E00020206001480560284670BDA0
:10061000940100202DE9F8432DE021480068C068CE
:1006200005681F480068C068C468201D00F068FDA8
:100630002046616A8847E06901281CD1A0694619F3
:10064000AE4207D966602461211D1548006800F09C
:100650007BFD10E0002003462A460146009020461C
:1006600002F0B4F807462FB940F292320DA113A060
:10067000FBF762FC00BF0A480068006808B9012067
:1006800000E000200028C8D00548D0F800800F48BE
:100690000068034908600D48C0F80080BDE8F88391
:1006A000840100202E2E5C4672656552544F535CC7
:1006B00074696D6572732E63000000004572726F7D
:1006C000723A25732C25640D0A0000008801002071
:1006D0000C480068401C08B9012000E0002028B93F
:1006E00040F20F1208A113A0FBF726FC00BF502018
:1006F00080F31188BFF34F8FBFF36F8F00BF00BF30
:10070000FEE70000980100202E2E5C4672656552BF
:10071000544F535C706F727461626C655C525644E6
:10072000535C41524D5F434D34465C706F72742E82
:10073000630000004572726F723A25732C25640DB8
:100740000A00000008B500BF6846FFF73DFC0446FC
:1007500020460099FFF7F4FEFFF75CFEF4E770B562
:10076000044600F017FD94F945501AE0A06C38B12A
:1007700000212046FFF7BEFD88B100F0ADFF0EE07E
:10078000606A08B9012000E0002038B904F12400B3
:1007900001F0F8FE18B100F09FFF00E003E0681ED2
:1007A00045B2002DE2DC00BFFF2084F8450000F0D8
:1007B00035FD00F0EFFC94F9445010E0206908B9D1
:1007C000012000E0002048B904F1100001F0DAFE39
:1007D00008B100F081FF681E45B200E001E0002D85
:1007E000ECDC00BFFF2084F8440000F017FD70BD72
:1007F00070B505462D4800EB05142D4800882841AA
:1008000000F001002070207B05284BD2DFE800F0CB
:1008100003450C2641002078012804D101F090FD09
:100820006060022020733EE001F08AFD6168401A9A
:10083000A060207858B9A068322802D20020207326
:100840000BE001F07DFD60600320207305E0A068EF
:10085000B0F57A7F01D90420207324E001F070FD07
:100860006168401AA060207801280AD1A068B0F51C
:10087000C87F06D2A068322803D901202073022045
:1008800070BDA068B0F5C87F02D301202073F7E7E0
:1008900009E0012020730320F2E7207808B9002046
:1008A000207300E000BF00BF0020E9E754AC002047
:1008B00036030020014603480088084100F001008B
:1008C000704700003603002010B5012905D10388C8
:1008D000012494402343038004E0048801239340CF
:1008E0009C43048010BD000008B5FDF7AFFD0090EB
:1008F00011E00A21684600F0FBFD07480078012856
:1009000002D1F6F7F7F806E003480078022802D192
:10091000002000F05BFEECE700A800202DE9F0418C
:1009200004464FF0000801F009F83E48006808B995
:10093000FFF75EFB3C480068204000285FD1A4B16F
:10094000083404F0070080B104F00700C0F108008B
:10095000044404F0070008B9012000E0002020B999
:10096000BF2232A13BA0FBF7E7FA002C47D03D485D
:100970000068844243D83C4E3046056801E02E466C
:100980002D686868A04202D228680028F7D125485F
:100990000068854233D0306800F10808286830606C
:1009A0006868001B102813D92F1907F0070008B931
:1009B000012000E0002020B9EC221CA125A0FBF7BB
:1009C000BBFA6868001B78606C603846FFF716FC5D
:1009D000244968680968081A2249086008460068BE
:1009E00022490968884203D21E4800681F490860EE
:1009F0000D4968680968084368600020286001F0B4
:100A00001BFE08F0070008B9012000E0002028B90B
:100A10004FF4967205A10FA0FBF78EFA4046BDE891
:100A2000F0810000AC010020B80100202E2E5C46B1
:100A300072656552544F535C706F727461626C657D
:100A40005C4D656D4D616E675C686561705F342EED
:100A5000630000004572726F723A25732C25640D95
:100A60000A000000B0010020A4010020B401002011
:100A70000648006830B10549096801F15000096D68
:100A8000491C0160014800687047000048010020CF
:100A9000001F4FF080730360001F21F0010303600B
:100AA000001F054B036014380260001F6FF0020343
:100AB0000360203870470000D106010808B5FDF733
:100AC000C5FC0090ADE000246421684600F010FDF4
:100AD00054484068322803DA0120534908600AE08C
:100AE00050484068332806DB4E484068642802DAE4
:100AF00000204D4908604D480068012803D04C484B
:100B00000068012802D100204A490860494800686D
:100B1000052804DA47480068401C464908604548F3
:100B20000068052803DA01203F49086006E04148D3
:100B30000068052802D100203B490860002409E034
:100B4000F2F716FE3C48D0ED000A30EE200A80EDA8
:100B5000000A641C0A2CF3DB374890ED000AF2EE21
:100B6000040A80EE201A354880ED001A9FED340A01
:100B7000314880ED000A2D480068012804D12B4837
:100B80000068401C2949086029480068012804D1F0
:100B900027480068401C26490860284890ED000A54
:100BA000DFED280AB4EEE00AF1EE10FA04DB9FED67
:100BB000250A80ED000A2FE0204890ED000AF2EEB1
:100BC000040AB4EEE00AF1EE10FA12DB90ED000A2E
:100BD000F2EE050AB4EEE00AF1EE10FA09D213487B
:100BE0000068022805DA11480068401C0F490860B7
:100BF00012E0124890ED000AF2EE040AB4EEE00AA8
:100C0000F1EE10FA08D20A480068022804DA08480F
:100C10000068401C06490860EFF7E8FFFDF7B0FCEC
:100C200000BF50E700A80020A0024042240300209B
:100C300028030020200300202000002018000020AE
:100C4000000000009A99494100B52DED048B83B056
:100C500041EC190BEFF71EFE41EC180B18EE100AD1
:100C600018EE901A8DED008B002818BF0120084364
:100C700020F00040C0F17F6000F1E040C00F14D0D0
:100C800019EE101A19EE900A8DED009B002918BF7D
:100C90000121084320F00040C0F17F6000F1E040F6
:100CA000C00F04BF0120FCF7C3FC51EC180B03B0CC
:100CB000BDEC048B00BD00001CB5044600F06AFAD0
:100CC000002004210346CA01CDE9001019A11D48E6
:100CD00001F0F6FA0020032103464FF40072CDE93B
:100CE000001019A11B4801F0EBFA00200221034675
:100CF0008022CDE9001018A11A4801F0E1FA002085
:100D0000042103468A01CDE9001017A1194801F01A
:100D1000D7FA002004210346CA01CDE9001016A12C
:100D2000184801F0CDFA1848006800F04FFC00F0B8
:100D300075FA1CBD42616C616E63655F7461736BB3
:100D4000000000000514000873686F775F7461731A
:100D50006B000000BD0A01086C65645F7461736B11
:100D60000000000069E40008505354574F5F74615D
:100D7000736B0000E90801084144435F7461736BC1
:100D800000000000C9DE00080000002010B54FF48C
:100D90004070F5F755F9A820FDF77CFAF4F7B2FAA0
:100DA0003448F6F769FB4FF4E13000F089F84FF46E
:100DB000165000F0DDF84FF4E12000F031F9F5F7BE
:100DC000D3F8682809D101202A490870F5F766FE92
:100DD000F5F7A6FFFAF7E0FD1CE0F4F7F1FBEA28CF
:100DE00007D1022023490870F5F7C4F8FAF7F4FD9B
:100DF00010E000BFBFF34F8F1F48006800F4E060B1
:100E00001E490843001D1C490860BFF34F8F00BFF7
:100E100000BFFEE7F0F726FDF1F7BCFAF5F7BEF9E3
:100E2000F4F734FDF0F724F9F0F764F9F6F77CFAFB
:100E3000A72142F20F70F6F719FF002144F29F102C
:100E4000F6F75CFE002144F29F10F6F765FF0021E3
:100E500044F29F10F6F7AEFD002144F29F10F6F722
:100E6000F9FDF1F7AFFAF1F721FBF1F77DFBF1F7AF
:100E7000D9FB10BD00A800200CED00E00000FA0531
:100E8000F0EE401AF4EEE01AF1EE10FA02D2B0EEF3
:100E9000600A7047F4EEC11AF1EE10FA02DDB0EE0E
:100EA000410AF6E7B0EE610AF3E703468B4201DA46
:100EB00008467047934201DD1046FAE71846F8E706
:100EC00010B588B0044601210846F5F78BFF0121D3
:100ED0001020F5F7C7FF072209212348F1F734FE58
:100EE00007220A212048F1F72FFE4FF4C060069038
:100EF00002208DF81C0000208DF81E0002208DF8C5
:100F00001D0001208DF81F0006A91748F1F7D4FD38
:100F100025208DF8040001208DF8050000208DF8B3
:100F2000060001208DF8070001A8F5F74DF802949E
:100F30000020ADF80C00ADF80E00ADF81000ADF8D3
:100F400014000C20ADF8120002A90848F7F786FE3D
:100F5000012240F225510548F7F75AFE01210348C6
:100F6000F7F720FE08B010BD00000240001001405D
:100F700010B588B0044601210820F5F733FF0121A0
:100F80004804F5F75FFF072205212348F1F7DCFD50
:100F9000072206212048F1F7D7FD602006900220A5
:100FA0008DF81C0000208DF81E0002208DF81D0019
:100FB00001208DF81F0006A91748F1F77DFD2620B6
:100FC0008DF8040001208DF8050000208DF8060042
:100FD00001208DF8070001A8F4F7F6FF0294002025
:100FE000ADF80C00ADF80E00ADF81000ADF814002F
:100FF0000C20ADF8120002A90848F7F72FFE0122D5
:1010000040F225510548F7F703FE01210348F7F7A1
:10101000C9FD08B010BD0000000C024000440040B3
:1010200010B588B0044601210420F5F7DBFE01214C
:101030000820F5F7D7FE01210805F5F703FF082280
:101040000C212C48F1F780FD082202212A48F1F7F3
:101050007BFD4FF48050069002208DF81C0000208C
:101060008DF81E0002208DF81D0001208DF81F0054
:1010700006A92048F1F720FD0420069002208DF8F3
:101080001C0000208DF81E0002208DF81D0001209C
:101090008DF81F0006A91848F1F70EFD35208DF8D0
:1010A000040002208DF8050000208DF806000120C4
:1010B0008DF8070001A8F4F787FF02940020ADF82F
:1010C0000C00ADF80E00ADF81000ADF814000C20C7
:1010D000ADF8120002A90948F7F7C0FD012240F25D
:1010E00025510648F7F794FD01210448F7F75AFD0A
:1010F00008B010BD00080240000C02400050004043
:1011000001460A69D1E901309860D1E901035860CC
:101110005068884201D188685060002008611068DA
:10112000401E10601068704700F1080141604FF0E8
:10113000FF31816000F10801C1600161002101609F
:10114000704700210161704710B502460B685C1CB6
:101150000CB9106907E002F1080000E0406844683B
:1011600024689C42FAD944684C604C68A16088604D
:1011700041600A611468641C146010BD42684A60D2
:1011800093688B60936859609160086103685B1C89
:101190000360704710B500BF502080F31188BFF383
:1011A0004F8FBFF36F8F00BF0B480068401C0A4988
:1011B00008600846006801280DD108480068C0B2E0
:1011C00008B9012000E0002028B940F2B91204A1BA
:1011D0000EA0FAF7B1FE10BD9801002004ED00E06A
:1011E0002E2E5C4672656552544F535C706F72745C
:1011F00061626C655C525644535C41524D5F434D95
:1012000034465C706F72742E630000004572726F1A
:10121000723A25732C25640D0A00000010B50B48A6
:10122000006828B94FF4E07209A114A0FAF784FE0F
:1012300006480068401E054908600846006820B955
:10124000002080F3118800BF00BF10BD980100206E
:101250002E2E5C4672656552544F535C706F7274EB
:1012600061626C655C525644535C41524D5F434D24
:1012700034465C706F72742E630000004572726FAA
:10128000723A25732C25640D0A00000070B50646DD
:101290003546002E35D0083D2C461A49606809684D
:1012A000084008B1012000E0002028B94FF4A072E6
:1012B00015A11FA0FAF740FE206808B9012000E040
:1012C000002028B940F241120FA119A0FAF734FE0C
:1012D0000C4960680968084098B1206888B90949D4
:1012E000606809688843606000F028FB1449606802
:1012F00009680844124908602046FEF77FFF01F0A4
:101300009BF970BDB80100202E2E5C4672656552B7
:10131000544F535C706F727461626C655C4D656DA7
:101320004D616E675C686561705F342E630000001C
:101330004572726F723A25732C25640D0A00000005
:10134000B0010020064800684FF47A71B0FBF1F05C
:10135000401E4FF0E02148610720086170470000FF
:101360000400002070B5EEF773FF0546102D11D371
:1013700005F1E02090F8F04310480078844201DB4A
:10138000012000E0002028B94FF440720CA117A002
:10139000FAF7D2FD1948006800F4E06018490968BE
:1013A000884201D8012000E0002028B94FF444729F
:1013B00003A10EA0FAF7C0FD70BD00009C01002043
:1013C0002E2E5C4672656552544F535C706F72747A
:1013D00061626C655C525644535C41524D5F434DB3
:1013E00034465C706F72742E630000004572726F39
:1013F000723A25732C25640D0A0000000CED00E004
:10140000A0010020024600200BE0084B53F83030CA
:1014100033B9064B43F8301003EBC0035A6002E0C7
:10142000401C0828F1D300BF70470000585400202A
:101430002DE9F04105460E4617462C46FFF7AAFE59
:1014400094F94400401C10B9002084F8440094F939
:101450004500401C10B9002084F84500FFF7DEFE6F
:10146000A06B28B93A46314604F1240000F064F933
:101470002046FFF774F9BDE8F081000070B504461E
:101480000025ACB10F48006808B9012000E0002039
:1014900028B940F2CF420CA110A0FAF74DFD00F0A0
:1014A0004DFA00212046FEF727FC01F0C5F805465D
:1014B0003DB94FF080500D490860BFF34F8FBFF327
:1014C0006F8F70BD800100202E2E5C4672656552C4
:1014D000544F535C7461736B732E63004572726F6B
:1014E000723A25732C25640D0A00000004ED00E01B
:1014F0002DE9F04704460F464FF000092CB940F2A1
:10150000794226A12AA0FAF717FD0FB1012000E0C9
:10151000002028B940F27A4220A125A0FAF70CFD5C
:101520002748006808B9012000E0002028B940F2EF
:101530007B421AA11EA0FAF7FFFC00F0FFF9214838
:1015400006682068C5192068B04207D92068A842FB
:101550000BD9B54209D94FF0010906E02068A8422D
:1015600001D8B54201D94FF001092560B9F1000F4A
:1015700003D0A81B0021FEF7BFFB01F05DF88046F9
:10158000B8F1000F07D14FF080500F490860BFF34A
:101590004F8FBFF36F8FBDE8F08700002E2E5C46A3
:1015A00072656552544F535C7461736B732E6300A4
:1015B0004572726F723A25732C25640D0A00000083
:1015C000800100205C01002004ED00E070B50546BC
:1015D000FFF7E0FD15B92D48006800E028460446F5
:1015E000201DFFF78DFD78B9E06A00EB80002849E7
:1015F00051F8200040B994F82C100120884025496A
:101600000968814323480160A06A18B104F11800F9
:10161000FFF776FD20480068401C1F4908601B4802
:101620000068844209D1211D1C48FFF7A7FD1C4812
:101630000068401C1A49086009E01A480068401E0A
:10164000184908602046FEF7B6FCFEF7B3FFFFF727
:10165000E5FD15480068C0B10C480068844214D10B
:101660001248006808B9012000E0002028B940F2C3
:1016700065420FA113A0FAF75FFC4FF080501549A7
:101680000860BFF34F8FBFF36F8F70BD480100201C
:10169000985400206001002074010020545700205D
:1016A0005401002058010020640100208001002026
:1016B0002E2E5C4672656552544F535C7461736B99
:1016C000732E63004572726F723A25732C25640D78
:1016D0000A00000004ED00E00120014908607047A5
:1016E0006C01002070B504460D462CB940F6063258
:1016F00007A10CA0FAF720FC0E480168183120461B
:10170000FFF722FD01212846FEF7F6FA70BD000022
:101710002E2E5C4672656552544F535C7461736B38
:10172000732E63004572726F723A25732C25640D17
:101730000A0000004801002070B505460E46144618
:101740002DB940F6313209A10DA0FAF7F5FB10488A
:10175000016818312846FFF711FD0CB14FF0FF3634
:1017600021463046FEF7C8FA70BD00002E2E5C46BA
:1017700072656552544F535C7461736B732E6300D2
:101780004572726F723A25732C25640D0A000000B1
:101790004801002070B505462C46002D4BD0264947
:1017A000E06A0968C96A884245D2A06900F0004031
:1017B00028B921480068C06AC0F12000A061E16A30
:1017C00001EB81011D4A02EB81016069884201D170
:1017D000012000E0002050B3201DFFF791FC78B9F4
:1017E000E06A00EB8000154951F8200040B994F8F8
:1017F0002C1001208840124909688143104801607B
:101800000D480068C06AE06294F82C1001208840FE
:101810000B49096808430A490860E16A01EB810144
:10182000064A02EB8100211DFFF7A8FC03E00248F5
:101830000068C06AE06270BD480100209854002032
:101840006001002010B504462CB940F6C13205A154
:1018500009A0FAF771FB0C48006820600B4800688B
:10186000606010BD2E2E5C4672656552544F535C0D
:101870007461736B732E63004572726F723A2573D5
:101880002C25640D0A000000700100205C0100207E
:101890001CB51A4800210B468222CDE9001018A180
:1018A000194800F00DFD0446012C02D100F054FF50
:1018B0000446012C15D100BF502080F31188BFF3DE
:1018C0004F8FBFF36F8F00BF4FF0FF300F4908609D
:1018D00001200F49086000200E49086000F08AF8D6
:1018E0000BE0601C08B1012000E0002028B940F2A4
:1018F000847209A10DA0FAF71FFB1CBD7C0100201A
:1019000049444C45000000006D00010878010020AA
:10191000640100205C0100202E2E5C467265655239
:10192000544F535C7461736B732E63004572726F16
:10193000723A25732C25640D0A00000002480068E5
:10194000401C0149086070478001002010B51B4809
:10195000006818B101201A4908602DE000201849DC
:10196000086018480068B0FA80F0C0F11F0404EB6A
:101970008400154951F8200008B1012000E0002042
:1019800028B940F6F62211A115A0FAF7D5FA04EB12
:1019900084010D4A02EB810041684968416000F111
:1019A000080142688A4202D1416849684160416841
:1019B000C9680F4A116000BF10BD000080010020FF
:1019C0006C01002060010020985400202E2E5C46FF
:1019D00072656552544F535C7461736B732E630070
:1019E0004572726F723A25732C25640D0A0000004F
:1019F000480100201CB5404800684049884201D099
:101A0000012000E0002028B940F259123CA147A073
:101A1000FAF792FA384800683849491E884201D0DE
:101A2000012000E0002028B94FF4AD7234A13FA09E
:101A3000FAF782FA414C204600780190FF202146B7
:101A400008700846007800909DF8000000F0F00053
:101A50009DF80010884201D1012000E0002028B943
:101A600040F2731226A131A0FAF766FA9DF8000041
:101A700000F050003249087007203249086009E040
:101A800030480068401E2F4908609DF8000040065D
:101A9000000E00909DF8000000F080008028EFD03C
:101AA000284800680002274908600846008800F4BA
:101AB000E06008602149019808700F4820300068F4
:101AC00040F470000C49203108600846006840F07E
:101AD00070400860FFF736FC00201B490860EEF7F5
:101AE0007FFB1A48006840F0404018490860EEF754
:101AF00067FB00201CBD000000ED00E071C20F413B
:101B00002E2E5C4672656552544F535C706F727432
:101B100061626C655C525644535C41524D5F434D6B
:101B200034465C706F72742E630000004572726FF1
:101B3000723A25732C25640D0A00000000E400E0D1
:101B40009C010020A00100209801002034EF00E05B
:101B500010B500BF502080F31188BFF34F8FBFF343
:101B60006F8F00BF00F0F2FB18B14FF080500449B6
:101B7000086000BF002080F3118800BF10BD000086
:101B800004ED00E02DE9F84305460E4690460DB100
:101B9000012000E0002028B94FF4C4720DA112A06A
:101BA000FAF7CAF90EB9002701E005FB06F707F1BD
:101BB0005400FEF7B3FE044644B104F15409434611
:101BC0004A46314628460094FEF764FA2046BDE8AE
:101BD000F88300002E2E5C4672656552544F535CAC
:101BE00071756575652E63004572726F723A257363
:101BF0002C25640D0A0000002DE9FF4782B0054640
:101C00000E461F464FF0000A2C462CB940F2DC422B
:101C100061A166A0FAF790F90EB9206C08B901200D
:101C200000E0002028B940F2DD425BA15FA0FAF796
:101C300083F900F075FB08B9049808B9012000E0A9
:101C4000002028B94FF49C6253A158A0FAF774F908
:101C500000BFFFF79FFAD4F83890B9F1000F3DD0DC
:101C6000D4F80C8031462046FEF752F9DFB9A9F1CD
:101C70000100A063206810B9FEF7FAFE60602069D9
:101C800008B9012000E0002010BB04F1100000F0B2
:101C900079FCE8B14FF0805048490860BFF34F8F9E
:101CA000BFF36F8F14E0C4F80C80606A08B901209C
:101CB00000E0002060B904F1240000F063FC38B1BA
:101CC0004FF080503D490860BFF34F8FBFF36F8FD7
:101CD000FFF7A4FA012006B0BDE8F087049818B910
:101CE000FFF79CFA0020F6E7BAF1000F04D168462E
:101CF000FFF7A8FD4FF0010AFFF790FAFFF71EFE6D
:101D0000FFF748FA94F94400401C10B9002084F809
:101D1000440094F94500401C10B9002084F84500A7
:101D2000FFF77CFA04A9684600F07AFA40BB204627
:101D3000FEF7C4FAF0B1206830B9FFF72BFA6068FB
:101D4000FFF728FDFFF76AFA04F124000499FFF772
:101D5000C9FC2046FEF703FD00F06EFC00287FF46E
:101D600078AF4FF0805015490860BFF34F8FBFF335
:101D70006F8F6EE72046FEF7F2FC00F05DFC68E72F
:101D80002046FEF7ECFC00F057FC2046FEF796FAE2
:101D90000028EED000209EE72E2E5C46726565522C
:101DA000544F535C71756575652E63004572726F93
:101DB000723A25732C25640D0A00000004ED00E042
:101DC00070B505460E462C462CB940F21B121EA1DA
:101DD00022A0FAF7B1F8FFF7DDF9D4E90F12206875
:101DE00001FB020060600020A0632068A060E06B3F
:101DF000401E226C216800FB0210E060FF2084F886
:101E0000440084F845009EB9206908B9012000E02B
:101E10000020A8B904F1100000F0B4FB80B14FF02D
:101E2000805012490860BFF34F8FBFF36F8F07E0F8
:101E300004F11000FFF778F904F12400FFF774F9BA
:101E4000FFF7ECF9012070BD2E2E5C4672656552DD
:101E5000544F535C71756575652E63004572726FE2
:101E6000723A25732C25640D0A00000004ED00E091
:101E70002DE9FF4383B0064688461D464FF0000912
:101E800034462CB940F2D92260A165A0FAF754F883
:101E9000B8F1000F01D1206C08B9012000E000204A
:101EA00028B940F2DA2259A15DA0FAF745F8022DCF
:101EB00002D1E06B012801D1012000E0002028B907
:101EC00040F2DB2251A156A0FAF736F800F028FACA
:101ED00008B9059808B9012000E0002028B940F2AF
:101EE000DE224AA14EA0FAF727F800BFFFF752F909
:101EF000A06BE16B884201D3022D38D12A464146BE
:101F00002046FEF71AF80746A06C68B1294620461D
:101F1000FEF7F0F928B34FF0805045490860BFF351
:101F20004F8FBFF36F8F1CE0606A08B9012000E09B
:101F3000002068B904F1240000F024FB88B14FF0C0
:101F400080503B490860BFF34F8FBFF36F8F08E0AD
:101F50003FB14FF0805036490860BFF34F8FBFF359
:101F60006F8FFFF75BF9012007B0BDE8F08305989C
:101F700018B9FFF753F90020F6E7B9F1000F04D1C3
:101F800001A8FFF75FFC4FF00109FFF747F9FFF7E2
:101F9000D5FCFFF7FFF894F94400401C10B900206D
:101FA00084F8440094F94500401C10B9002084F8DE
:101FB0004500FFF733F905A901A800F031F9F0B9A0
:101FC0002046FEF788F9A0B104F110000599FFF74B
:101FD00089FB2046FEF7C3FB00F02EFB002885D1CD
:101FE0004FF0805012490860BFF34F8FBFF36F8FDF
:101FF0007CE72046FEF7B3FB00F01EFB76E72046A9
:10200000FEF7ADFB00F018FB0020ADE72E2E5C467E
:1020100072656552544F535C71756575652E63002A
:102020004572726F723A25732C25640D0A00000008
:1020300004ED00E02DE9F05F80468A4615461E4615
:1020400044462CB940F29F3235A13AA0F9F774FF0B
:10205000BAF1000F01D1206C08B9012000E0002086
:1020600028B94FF468722EA132A0F9F765FF022E4D
:1020700002D1E06B012801D1012000E0002028B945
:1020800040F2A13226A12BA0F9F756FFFFF76AF91B
:1020900000BF5021EFF3118081F31188BFF34F8F00
:1020A000BFF36F8F00BF0746A06BE16B884201D37F
:1020B000022E2BD194F945B0324651462046FDF709
:1020C0003CFF0BF10100C8B9A06C40B1314620467D
:1020D000FEF710F9B8B1B5B10120286013E0606ACD
:1020E00008B9012000E0002068B904F1240000F0E4
:1020F00049FA40B13DB10120286004E00BF1010034
:1021000040B284F845004FF0010901E04FF00009AA
:1021100000BF87F3118800BF4846BDE8F09F00006C
:102120002E2E5C4672656552544F535C7175657511
:10213000652E63004572726F723A25732C25640D0B
:102140000A0000002DE9F05F06468946174634462E
:102150002CB94FF4B46229A12DA0F9F7EDFEB9F125
:10216000000F01D1206C08B9012000E0002028B93F
:1021700040F2A15221A126A0F9F7DEFEFFF7F2F806
:1021800000BF5021EFF3118081F31188BFF34F8F0F
:10219000BFF36F8F00BF0546D4F838A0BAF1000F27
:1021A00022D094F944B049462046FDF7B1FEAAF189
:1021B0000100A0630BF1010070B9206908B901208A
:1021C00000E0002068B904F1100000F0DBF940B134
:1021D0003FB10120386004E00BF1010040B284F807
:1021E00044004FF0010801E04FF0000800BF85F304
:1021F000118800BF4046BDE8F09F00002E2E5C46CF
:1022000072656552544F535C71756575652E630038
:102210004572726F723A25732C25640D0A00000016
:102220002DE9F04104460D462CB940F6CB3219A1F8
:102230001DA0F9F781FE2DB940F6CC3215A11AA0E8
:10224000F9F77AFEFEF7A6FF1B4807682868401CCE
:1022500008B9002619E0194920680968884204D0A5
:102260006068B84201D801260FE06068381A296812
:10227000884209D228686168791A401A2860204685
:10228000FFF7E0FA002600E00126FEF7C7FF304620
:10229000BDE8F0812E2E5C4672656552544F535C4A
:1022A0007461736B732E63004572726F723A25739B
:1022B0002C25640D0A0000005C0100207001002044
:1022C0002DE9FF4F85B0804689461746DDE912AB00
:1022D000B800FEF723FB064656B15C20FEF71EFB56
:1022E00004460CB1266304E03046FEF7CFFF00E061
:1022F00000247CB10020CDE900ABCDE902403A4694
:1023000049464046089BFDF7DDFE2046FDF740FDAF
:10231000012501E04FF0FF35284609B0BDE8F08FF8
:102320000549096809B9012005E00449096809B9A6
:10233000022000E00020704764010020800100209E
:1023400001490868704700005C0100202DE9F04158
:102350004FF0000841480068002872D140480068EA
:10236000451C3F480560EDB93E480068006808B963
:10237000012000E0002028B940F6D9123AA13FA080
:10238000F9F7DAFD374807684048006835490860C2
:102390003E4807603E480068401C3D490860FEF723
:1023A00009F900BF3B48006885423CD300BF2D4877
:1023B0000068006808B9012000E0002020B14FF05B
:1023C000FF30344908602DE026480068C068C468C2
:1023D0006668B54202D22F48066023E0201DFEF752
:1023E0008FFEA06A18B104F11800FEF789FE94F878
:1023F0002C100120884028490968084326490860B4
:10240000E16A01EB8101254A02EB8100211DFEF703
:10241000B5FE2349E06A0968C96A8842C7D34FF00C
:102420000108C4E700BF1E480068C06A00EB8000D6
:102430001A4951F82000012801D94FF0010805E0A0
:10244000FFE718480068401C1649086016480068F5
:1024500008B14FF001084046BDE8F081800100203E
:102460005C0100204C0100202E2E5C4672656552F6
:10247000544F535C7461736B732E63004572726FBB
:10248000723A25732C25640D0A00000050010020CB
:102490007001002078010020600100209854002085
:1024A00048010020680100206C01002070B505463D
:1024B0002C460026002D4BD026480068844201D1CE
:1024C000012000E0002028B940F6C76222A127A021
:1024D000F9F732FD206D28B940F6C9621EA123A08C
:1024E000F9F72AFD206D401E2065E16CE06A884204
:1024F0002ED0206D60BB201DFEF702FE78B9E06A89
:1025000000EB80001D4951F8200040B994F82C10D0
:10251000012088401A490968814319480160E06C2C
:10252000E062E06AC0F12000A06194F82C10012064
:10253000884013490968084311490860E16A01EBC2
:1025400081010E4A02EB8100211DFEF717FE0126D4
:10255000304670BD480100202E2E5C4672656552E3
:10256000544F535C7461736B732E63004572726FCA
:10257000723A25732C25640D0A000000985400203F
:102580006001002070B50646F068C4682CB940F6BA
:1025900061321AA11EA0F9F7CFFC04F11800FEF772
:1025A000AFFD1F480068A8B9201DFEF7A9FD94F8EB
:1025B0002C10012088401B4909680843194908600C
:1025C000E16A01EB8101184A02EB8100211DFEF74F
:1025D000D5FD04E004F118011448FEF7CFFD1449BD
:1025E000E06A0968C96A884204D9012501201149B5
:1025F000086000E00025284670BD00002E2E5C46D5
:1026000072656552544F535C7461736B732E630033
:102610004572726F723A25732C25640D0A00000012
:1026200080010020600100209854002040570020C5
:10263000480100206C01002070B5002400263448B9
:10264000006828B94FF4FD6232A137A0F9F774FC95
:10265000FEF7A0FD2E480068401E2D490860084680
:10266000006800284FD13448006800284BD024E08F
:102670003248C068C46804F11800FEF741FD201D0F
:10268000FEF73EFD94F82C10012088402C49096883
:1026900008432B490860E16A01EB8101294A02EBFA
:1026A0008100211DFEF76AFD2749E06A0968C96AB1
:1026B000884202D30120254908602048006808B9F3
:1026C000012000E000200028D2D00CB1FDF772FFFD
:1026D0001F48056865B100BFFFF738FE10B1012043
:1026E0001A4908606D1E002DF6D1002018490860B7
:1026F0001648006838B10126300716490860BFF354
:102700004F8FBFF36F8FFEF789FD304670BD00001D
:10271000800100202E2E5C4672656552544F535C3A
:102720007461736B732E63004572726F723A257316
:102730002C25640D0A00000058010020405700209D
:102740006001002098540020480100206C01002006
:102750006801002004ED00E01CB50024FDF774FBC7
:102760000B48006858B10B481F2100234FF48272B8
:10277000CDE9001008A10A48FFF7A2FD04462CB9D4
:1027800040F2331207A10DA0F9F7D6FB20461CBD7D
:102790008C01002090010020546D7220537663005C
:1027A000450701082E2E5C4672656552544F535CF6
:1027B00074696D6572732E63000000004572726F5C
:1027C000723A25732C25640D0A0000002DE9FF479D
:1027D00004460D4616461F46DDF830804FF00009CE
:1027E0002CB94FF4D37217A11CA0F9F7A5FB1F4811
:1027F000006810B3009501960294062D15DAFFF7D4
:102800008FFD022808D10023424669461748006818
:10281000FFF72EFB814610E000231A466946134855
:102820000068FFF725FB814607E000233A4669462A
:102830000E480068FFF7FEFB8146484604B0BDE83D
:10284000F08700002E2E5C4672656552544F535C33
:1028500074696D6572732E63000000004572726FBB
:10286000723A25732C25640D0A0000008C010020AB
:102870000000000000000000000000000000000058
:102880003F40000000000000000030004000300029
:102890004000000009000BC03D000BC03D000900D6
:1028A00018C024407FE0224031800000180024C07E
:1028B0001B000D803240018003801C4027401C809B
:1028C0000740004010006000000000000000000011
:1028D0000000000000001F80204040200000402039
:1028E00020401F8000000000090006001F80060035
:1028F00009000000040004003F8004000400000000
:10290000001000600000000000000000040004004F
:10291000040004000400000000000040000000006B
:1029200000000000002001C0060038004000000048
:102930001F802040204020401F80000000001040E9
:102940003FC000400000000018C021402240244049
:102950001840000010802040244024401B800000CC
:1029600002000D0011003FC0014000003C802440E7
:1029700024402440238000001F8024402440344011
:10298000038000003000200027C038002000000035
:102990001B802440244024401B8000001C0022C0D7
:1029A000224022401F80000000000000084000007C
:1029B00000000000000000000460000000000000B3
:1029C000000004000A0011002080404009000900B6
:1029D00009000900090000000000404020801100AB
:1029E0000A00040018002000234024001800000002
:1029F0001F802040274029401F400000004007C0A2
:102A000039000F0001C0004020403FC02440244056
:102A10001B8000001F8020402040204030800000AC
:102A200020403FC0204020401F80000020403FC089
:102A300024402E4030C0000020403FC024402E00E3
:102A4000300000000F001080204022403380020040
:102A500020403FC0040004003FC0204020402040F0
:102A60003FC02040204000000060202020203FC0C8
:102A70002000200020403FC024400B0030C02040F8
:102A800020403FC020400040004000C03FC03C000C
:102A900003C03C003FC0000020403FC00C4023006A
:102AA0003FC020001F802040204020401F800000A9
:102AB00020403FC024402400180000001F80214017
:102AC000214020E01FA0000020403FC024402600FD
:102AD00019C0004018C0244024402240318000002A
:102AE000300020403FC020403000000020003F80E8
:102AF000004000403F80200020003E0001C0070051
:102B000038002000380007C03C0007C03800000033
:102B1000204039C0060039C0204000002000384065
:102B200007C0384020000000304021C02640384017
:102B300020C00000000000007FE040204020000096
:102B4000000070000C0003800040000000004020E6
:102B500040207FE000000000000020004000200036
:102B60000000000000100010001000100010001005
:102B70000000000040000000000000000000028093
:102B80000540054003C0004020003FC00440044011
:102B90000380000000000380044004400640000061
:102BA00000000380044024403FC000400000038038
:102BB0000540054003400000000004401FC02440C1
:102BC00024402000000002E005500550065004207B
:102BD00020403FC00440040003C000400000044007
:102BE00027C000400000000000100010041027E083
:102BF0000000000020403FC00140070004C0044026
:102C0000204020403FC000400040000007C00400BA
:102C100007C0040003C00000044007C004400400D3
:102C200003C0004000000380044004400380000013
:102C3000041007F0045004400380000000000380EB
:102C40000440045007F00010044007C00240040094
:102C500004000000000006400540054004C00000DC
:102C6000000004001F8004400040000004000780B2
:102C70000040044007C000400400070004C0018079
:102C800006000400060001C0070001C006000000A5
:102C9000044006C0010006C00440000004100710F4
:102CA00004E00180060004000000044005C0064066
:102CB000044000000000000004007BE04020000011
:102CC000000000000000FFF00000000000004020B5
:102CD0007BE0040000000000400080004000200075
:102CE0002000400000000000000000000000000084
:102CF000000000000000000000001FCC000C0000DD
:102D000000000000000008003000600008003000F3
:102D100060000000022003FC1E20022003FC1E2095
:102D20000220000000000E1811043FFF10840C78F0
:102D3000000000000F0010840F3800C007781884CE
:102D40000078000000780F8410C411240E9800E46D
:102D50000084000808006800700000000000000007
:102D60000000000000000000000007E01818200428
:102D700040020000000040022004181807E0000094
:102D8000000000000240024001800FF0018002407C
:102D9000024000000080008000800FF8008000806A
:102DA000008000000001000D000E00000000000087
:102DB0000000000000000080008000800080008093
:102DC000008000800000000C000C000000000000EB
:102DD00000000000000000060018006001800600EE
:102DE00018002000000007F008081004100408086C
:102DF00007F000000000080408041FFC00040004A1
:102E00000000000000000E0C101410241044118467
:102E10000E0C000000000C1810041104110412889C
:102E20000C700000000000E00320042408241FFCB4
:102E30000024000000001F98108411041104108861
:102E400010700000000007F00888110411041888B1
:102E50000070000000001C00100010FC13001C009B
:102E60001000000000000E3811441084108411443A
:102E70000E38000000000700088C10441044088839
:102E800007F00000000000000000030C030C00002D
:102E9000000000000000000000010106000000002A
:102EA000000000000000008001400220041008081B
:102EB0001004000002200220022002200220022032
:102EC0000220000000001004080804100220014045
:102ED0000080000000000E001200100C106C10802A
:102EE0000F00000003E00C1813E4142417C4082892
:102EF00007D000000004003C03C41C40074000E46D
:102F0000001C000410041FFC1104110411040E889D
:102F10000070000003E00C181004100410041008E6
:102F20001C10000010041FFC1004100410040808FA
:102F300007F0000010041FFC1104110417C4100452
:102F40000818000010041FFC1104110017C0100025
:102F50000800000003E00C181004100410441C7852
:102F60000040000010041FFC1084008000801084CA
:102F70001FFC10040000100410041FFC10041004B7
:102F80000000000000030001100110011FFE1000EE
:102F90001000000010041FFC110403801464181CAE
:102FA0001004000010041FFC1004000400040004BE
:102FB000000C000010041FFC1F0000FC1F001FFC81
:102FC0001004000010041FFC0C04030000E01018A3
:102FD0001FFC100007F00808100410041004080873
:102FE00007F0000010041FFC108410801080108077
:102FF0000F00000007F0081810241024101C080A05
:1030000007F2000010041FFC1104110011C0113060
:103010000E0C000400000E1C1104108410841044D7
:103020001C3800001800100010041FFC10041000D1
:103030001800000010001FF8100400040004100421
:103040001FF8100010001E0011E0001C007013801B
:103050001C0010001FC0103C00E01F0000E0103CEE
:103060001FC000001004180C163401C001C0163433
:10307000180C100410001C00130400FC13041C00A6
:10308000100000000804101C1064108413041C04B9
:10309000101800000000000000007FFE4002400207
:1030A00040020000000030000C0003800060001CA3
:1030B0000003000000004002400240027FFE0000CA
:1030C0000000000000000000200040004000400020
:1030D00020000000000100010001000100010001CA
:1030E000000100010000400040002000000000003E
:1030F0000000000000000098012401440144014444
:1031000000FC000410001FFC00880104010400887A
:103110000070000000000070008801040104010438
:1031200000880000000000700088010401041108FC
:103130001FFC0004000000F8014401440144014464
:1031400000C800000000010401040FFC1104110478
:1031500011001800000000D601290129012901C928
:103160000106000010041FFC00840100010001049E
:1031700000FC000400000104190419FC0004000410
:10318000000000000000000300010101190119FE08
:103190000000000010041FFC0024004001B4010CDA
:1031A000010400000000100410041FFC00040004CF
:1031B00000000000010401FC0104010001FC010405
:1031C000010000FC010401FC008401000100010475
:1031D00000FC0004000000F80104010401040104E3
:1031E00000F80000010101FF0085010401040088CE
:1031F0000070000000000070008801040104010557
:1032000001FF00010104010401FC0084010401002C
:1032100001800000000000CC0124012401240124CD
:103220000198000000000100010007F801040104FA
:1032300000000000010001F800040004000401087F
:1032400001FC0004010001800170000C001001600D
:103250000180010001F0010C003001C00030010CC0
:1032600001F0010000000104018C00740170018C68
:1032700001040000010101810171000E00180160CC
:103280000180010000000184010C0134014401842B
:10329000010C0000000000000000000001003EFCE6
:1032A000400240020000000000000000FFFF00009C
:1032B000000000000000400240023EFC010000004F
:1032C000000000000000600080008000400040001E
:1032D00020002000404281FE00000121D214081489
:1032E000E2010000080808FF090419111197711183
:1032F00011151900000000000000FF000000008010
:10330000600000004040404040407F40404241401B
:10331000404040000106F840404040FE40404241ED
:10332000FE00000000007F444444447F4444444481
:103330007F000000000106F880808080808080800F
:10334000C00000000000001F10109070101010103E
:103350001F000000404281FE00000121D214081429
:10336000E2010000080808FF090419111197711102
:10337000111519008080FE848A6418E422A2A2FA42
:10338000A2A22200020CF72424012739082A2AFFCE
:103390002A3E08004080FE0808FC0106F89090FCD8
:1033A0009291FE002021273A2223040817E42427C3
:1033B0002C340700000000FC09120418E000E0189B
:1033C00004020100020242330000000000FF00007E
:1033D000000000000001020CF00000000000FF00EF
:1033E00000000000014141417F41414141417F4195
:1033F000414101000244A810688400007F4242421B
:10340000427F000008080FF8080F0002071AE202C6
:103410000A060300000000FF22222222222222FFAD
:10342000000000000000001F113151911111111F07
:103430000000000020C000FF0082221A8272061ADB
:10344000E202020008080BFF090A040A32C2320A2B
:10345000040202000102040830C00000FC02020263
:10346000020E00000002424242437E424342424278
:10347000020200004241FE8222A4A8B0A07FB0A8B0
:10348000A4A222000808FF080907F49497909794D3
:10349000F4070000800000FF00000000FF10101083
:1034A000101000000001061FE0020CF01F111111A6
:1034B00011101000106080FF806081010202E4089A
:1034C00030C000002424257FC44400031C00FF00FA
:1034D00010080600020418E0007F424242424242C5
:1034E0007F0000000000003F24242424444444C4FE
:1034F00044040400000204F80402FA122202824288
:10350000A21A0200020242330000FF9292939292AA
:10351000FE010000003E0202020202FE020202025E
:10352000023F000000003E02020202FF020202020D
:103530003F000000020202FE020202FE020202023C
:1035400002020200004040434040407F414141416F
:1035500041400000408000FF0282828282FE82821F
:1035600082820200101011131C30D010101710109E
:1035700010101000000000FF22222222222222FF2F
:10358000000000000000001F113151911111111FA6
:103590000000000020C000FF0082221A8272061A7A
:1035A000E202020008080BFF090A040A32C2320ACA
:1035B0000402020000001A1C0000000000000000CD
:1035C00000000000000000000000000000000000FB
:1035D00000000000106080FF806081010202E408AA
:1035E00030C000002424257FC44400031C00FF00D9
:1035F00010080600020418E0007F424242424242A4
:103600007F0000000000003F24242424444444C4DC
:1036100044040400008181828CF0808080FE8181DE
:10362000818F0000083020242424A464242424242E
:10363000202830000106F8000804F8010284681808
:1036400064821F0000001F111111111010FF109053
:1036500050131000101810FF202000FF4242FE42BD
:1036600042FF0000131DF1171111000F0808FF0899
:10367000080F00000106F890909090FE90909291B3
:10368000FE00000004081724E4242427242C34041A
:1036900007000000000204F80412224282FA82426B
:1036A000221202000202423300202F2929FF292979
:1036B0002F200000020CF1012132AAA4A4A4AA32F6
:1036C0000101010000003F2424243FA464243F247E
:1036D00024242000000000FF22222222222222FF96
:1036E000000000000000001F113151911111111F45
:1036F0000000000020C000FF0082221A8272061A19
:10370000E202020008080BFF090A040A32C2320A68
:1037100004020200008181828CF0808080FE818121
:10372000818F0000083020242424A464242424242D
:10373000202830000106F8000804F8010284681807
:1037400064821F0000001F111111111010FF109052
:10375000501310008080FE848800FF929292929213
:10376000FF000000020CF724261212FE121212FEB5
:10377000121202000000FE042921222428F028242D
:103780002221210002423300000179494949494977
:1037900079010000800000FF0000000000C0300838
:1037A00004021F000001061FE0040404FE0508884F
:1037B000680808004080FE0808FC00101010101275
:1037C0001102FC002021273A222300404F414141B1
:1037D0007F0101000000F810101010FE11111111EE
:1037E000F9010F0000001F11111111FF111111112A
:1037F0001F0000000106F80202020202FE0202227D
:103800001A02020000007F40414141415F414141B5
:1038100041414000000204F80402028202120AF24E
:10382000020202000202423300101211101010FFB7
:1038300010101000800000FF0000FF0204008271E1
:103840000C021F000001061FE0003F2121217F41E3
:10385000C14101000000FF000181A29488F482822E
:103860008181010001061FE02027242424FF242455
:103870002427200000FF48484A49FE00007E11111D
:1038800021410700103352921252331800FE1111D9
:10389000214107000001020CF00000000000FF00C1
:1038A00000000000014141417F41414141417F41D0
:1038B00041410100818182828488B0C0B0888482C5
:1038C00082818100000008886808080F080828C85D
:1038D00008000000818182828488B0C0B088848220
:1038E00082818100000008886808080F080828C83D
:1038F0000800000000FF001020408804F8000002CB
:1039000001FE0000001F8044044444455F444444D9
:10391000407F00001018122122FC00FE0A12628271
:10392000621A0200405F41417F01007F40484641EA
:1039300046584000083CC808281D020C708002014F
:1039400002FC0000022223222222020808FF0808AB
:10395000080F000044E644484848020204C83028E2
:1039600044821F00040C35C60418010909FF09929E
:1039700052120200020CF1010202C42810284482F3
:103980000201010000003F2424272424444444C5AC
:1039900046000000202241FE804141526AC4444A50
:1039A00072414000080808FF080A222AA66322265E
:1039B0002A2202001018122122FC00FE0A12628242
:1039C000621A0200405F41417F01007F404846414A
:1039D00046584000083CC808281D020C70800201AF
:1039E00002FC0000022223222222020808FF08080B
:1039F000080F0000202241FE800001F1020CF008B7
:103A000004F30000080808FF080900037A4A4A4A3C
:103A10007A030000101810E0202810204080FF00DA
:103A200000C03000040404FF0404202020212738B3
:103A30002120200044E644484A1CE0FF90FE90FC10
:103A400091FF0000040C35C60C003F24A46424241C
:103A5000243C00004080FE0808FC001010101012EA
:103A60001102FC002021273A222300404F4141410E
:103A70007F01010010102F2949498F00804F4929EB
:103A8000291F1000010179494949790701794D4BF6
:103A900049790100202241FE800001F1020CF0086A
:103AA00004F30000080808FF080900037A4A4A4A9C
:103AB0007A030000101810E0202810204080FF003A
:103AC00000C03000040404FF040420202021273813
:103AD000212020000000F810101010FE111111110B
:103AE000F9010F0000001F11111111FF1111111127
:103AF0001F00000020207E820CF004C89281FE800E
:103B000090C8040008064031007F404F4A5A6A4A74
:103B10004A4F400008102040800000FF0000008055
:103B200040300000004040404041424F7042414020
:103B300040400000106080FF00C1062026312D218A
:103B400023E806002424257FC544102949C9495982
:103B5000690F000001020478040202FE22222222E0
:103B600022020200083022222222A26322222222E2
:103B70002228300020207E80027E42427E427E4209
:103B8000427E02000806403100007F494949494908
:103B90007F000000020CF1012132AAA4A4A4AA32E1
:103BA0000101010000003F2424243FA464243F2499
:103BB00024242000000204F80402028202120AF205
:103BC000020202000202423300101211101010FF14
:103BD00010101000007F40405E52525252525E4020
:103BE000417F0000202020202F29A96929292F208A
:103BF000202020000000F810101010FE11111111EB
:103C0000F9010F0000001F11111111FF1111111105
:103C10001F00000020C000FF00C106F8000000FCEB
:103C200002021E0008080BFF0908007F4040407F89
:103C30000000000044E644484848020204C8302816
:103C400044821F00040C35C60418010909FF0992BB
:103C500052120200202241FE804141526AC4444A6D
:103C600072414000080808FF080A222AA66322269B
:103C70002A2202008080FE848800FF929292929213
:103C8000FF000000020CF724261212FE121212FE90
:103C9000121202001020C000000201FE000000000D
:103CA0000080700000000007000000FF000000041A
:103CB0000201000010109090909090FF90909090D2
:103CC00090101000001011121418F017101010109E
:103CD00010100000020202FE020202FE02020202B4
:103CE00002020200004040434040407F41414141C8
:103CF0004140000000007C40404040FF40404844BC
:103D00007800000004181057351515F515153557AE
:103D100010141800B5A51010082004483FFC210815
:103D200021083FF8210821083FF821000104FFFE87
:103D3000010001000100BBF70100010001087FFC48
:103D40000100010001000104FFFE01000100210843
:103D5000210821083FF82008D3C300083FFC2108B0
:103D6000210821083FF82108210821083FF82108EF
:103D700021082108410841288010BBA701000080CC
:103D800000843FFE2004200420043FFC2004200087
:103D9000200020002000400040008000B0B410400F
:103DA0001020100013FEFA02144410403FFED08889
:103DB00010881108109010601050508C2304BCFC27
:103DC00020102710397C411482FE7A14247C27109D
:103DD000F97C2110251422FE2A1035102896007C2B
:103DE000C8B700400440FE781090112423FE25241B
:103DF0007D24A5FC2524252425FC25243D242224DE
:103E0000040CC8CF0040404030401040004000400B
:103E1000F0A010A010A01110111015101A0812080F
:103E200004060804BFAA00087FFC08200820082018
:103E300008200824FFFE0820082008200820102061
:103E4000102020204020CABC10401040104010809C
:103E5000FC88250427FE2402240449FE29041104B9
:103E60002904450485FC0104B5E3020002000208B0
:103E700003FC020002103FF82010201020103FF039
:103E80000000291024C844448004BCCC1020122017
:103E9000222023244AACFA70122023FC4220FA701C
:103EA00042AC03241A20E22443FE0000D0F8104064
:103EB000105023F820404840FFFC112420A8422045
:103EC000F92407FE00401C60E090410C0204CBABDB
:103ED00000000004FDFE04844484448428882848AB
:103EE000104810502820283044504488810E060481
:103EF000CDCB03F84208320813F802080208F3FC9D
:103F0000120812D012201290130C1204280044063A
:103F100003FCB3F601000100210821082108210853
:103F20003FF82108010041044104410441044104D7
:103F30007FFC4004D7AA104010401048FDFC2040F0
:103F400028444BFE7C80088009FC1C08E81048903F
:103F5000086008200810B6AF004008407C400044CC
:103F600005FEFE4410441044204424444284FE8450
:103F70004104010402280410B5E702000200021007
:103F80007FF8421042107FF0421042107FF0421042
:103F900002000204020401FC0000CEBB08800840BD
:103FA0000840100817FC3000520892081110111038
:103FB000109010A010241FFE10001000C6F73EF84D
:103FC0002288228822883EF801200114FFFE028008
:103FD0000C603018FEFE2288228822883EF8BCDC65
:103FE000100010087EFC1288128812882AF844807B
:103FF0000104FFFE038005400920111C6108010037
:10400000BFD5020001007FFE400284440C3010182E
:10401000200800003FF80100010001000104FFFE3C
:104020000000C2D61040104020A0FCA02110510872
:10403000520EFD04111011301DC0F1005104110485
:1040400010FC1000B3B5020002087FFC0400090058
:10405000110021203FF001000104FFFE01000100DA
:10406000010001000100BAF3001000783F80200039
:1040700020043FFE2000200827FC240824082408F0
:104080004408440887F80408B8DF02000104FFFE72
:1040900000001FF0101010101FF000047FFE4004FD
:1040A0004FE4482448244FE4400CCBD9004040441E
:1040B00037FE104007FC0444F44417FC144410E09D
:1040C000115812481440284647FC0000BDF8022051
:1040D000422022282FFC02200220E22022282FFC4E
:1040E000222022202220242050268FFC0000C8EB12
:1040F0000400020001000100010002800280028031
:10410000044004400820082010102010400E8004B5
:10411000BBFA1000101011F81110FD101110311021
:104120003910551051109110111011121212140E55
:104130001800BBCE00083FFC20083FF820083FF8DD
:10414000010011100924FFFE04400440044008420D
:104150001042603EB9DB000801FC7D0805284528B7
:1041600029282928114811482948256844A080A0F9
:1041700001220622181EB2EC020001007FFE480256
:104180008EF412902C60682017D0200E5FF481000E
:104190000920111825080200CAFD084049402A409C
:1041A0000884FFFE19082C884A881088FE90225047
:1041B000222014501888250E4204BEDD100413FE80
:1041C00012041204FFFC122016241BFE3220D224FB
:1041D00013FE15041504150459FC2104C1F900004F
:1041E0000400020003000104FFFE00000000044080
:1041F0000C2008101018100C200C40040000C2B74E
:1042000004407E4044FC4588465044207C50508EFB
:1042100013045DFE5104510451045D04E1FC0104EA
:10422000B6E6084010203C0025FE35022E0424800E
:10423000FC88249034A02CC0248024844484947C62
:104240000800BCC600402040104010400040004420
:10425000F7FE10401040104010401240144018402B
:1042600010400040B7E41080108010FC15887E508C
:10427000542054DE572454F87C2051FC14201DFC9B
:10428000E42040200020C3F9004008887DFC490854
:104290004948490849284910490449FE78044824F6
:1042A00007F4000400140008B9D8101008180420FE
:1042B00004487FFC010001000104FFFE01000280B0
:1042C000028004400830300EC004B2A610401050E6
:1042D00012481240FFFE1080148018F81108319027
:1042E000D250122014501888510E2204CAB910401E
:1042F00010441FFE204027FC6444A444244427FCAF
:1043000024442240218020C02130260E2804C4DC11
:1043100010801088249844A0FEC002847C84447CD1
:104320007C00448844987CA044C044825482487EE7
:10433000C0B608200824FFFE0820049024F82500B9
:104340002640242004083FFC244824482448FFFE3B
:104350000000D1C000087FFC004010401040204009
:1043600020447FFE01400240044008403040C040ED
:1043700001400080B7A201001120111021047FFE2E
:104380000200020007F006100A20094010802140B8
:1043900042308C0E3004CBCD0208411030A017FC07
:1043A00000400040F0441FFE10401040108010A05C
:1043B00011182A08440603FCBDD31080104817FCCE
:1043C0001000FD1010A017FC18803084DFFE109044
:1043D000111010A0106050982308CAD508800880DA
:1043E0000880488448FE490849884A8848885850C7
:1043F0006850482008500888090E0E04B5C41040C3
:10440000104022447F7E42844304420442847E64FE
:1044100042244204420442047E0442280010A3BA0B
:1044200000000000000000000000000006000F0077
:104430000F000600000006000F000F00060000003D
:10444000A1A100000000000000000000000000002A
:10445000000000000000000000000000000000005C
:104460000000C4A3111011141FFE1110FD1813FC3D
:1044700032083BF8560853F890401FFE104010B029
:10448000110E1604CABD008000A000900084FFFE3B
:10449000008000803E8008800840084009200E22ED
:1044A0007012200A0004C7EB004847FC204023F8A4
:1044B0000040EFFE200823FC220823F8220823F8FE
:1044C0002A08320822280210CDD300407C20440064
:1044D00049FE4902520448804888449044E04480A0
:1044E000688050824082407E4000C2DD100411FE90
:1044F000112415FC7F2455FC5420544855F07C248D
:1045000051FC14201CA8E52642A20040D2C7080096
:104510000880086412241204320851089110109087
:1045200010A0104010A011101208140E1804BAECBC
:104530001000100823FC20204420F8201020202008
:104540004020FC20402000201C20E02447FE0000EA
:10455000B5C61000100417FE10205420582050201B
:10456000902010201020102028202420442080A0FB
:104570000040B3A30100111009207FFE40028FE428
:1045800008200FE001101FF8111011101110115028
:1045900001200100C1C101087FFC00101FF81010AC
:1045A00010101FF000007FFE40228FF4082008202A
:1045B00008221022601ED0A10100010001000100AC
:1045C00001000540052009100908110421044100DB
:1045D0000100010005000200CFDF0840085010482C
:1045E0001040227C7FC00844107E23C07C480050CD
:1045F00000201C60E092430A0006C1AC00804088A5
:104600002FFC210001400250E7F8204020402048C4
:104610002FFC2040204050468FFC0000C5D40200F3
:1046200001087FFC082004407FFE420281047FFCD9
:10463000040007F004100810081010A06040B1DF5B
:10464000008020801080108807FC0088F088108887
:1046500011081108110812501420280647FC000008
:10466000B4AE010001083FFC210821083FF8010019
:1046700001047FFE410441047FFC4104010001006C
:104680000100BFDA000000083FFC200820082008D5
:104690002008200820082008200820083FF82008CB
:1046A00000000000D6D00100010001047FFE41049B
:1046B0004104410441047FFC410401000100010068
:1046C000010001000100BCE420041BFE080440249A
:1046D0004FF44824482448244FE4482448244824DC
:1046E0004FE4482440144008D7B408400850084814
:1046F000484028442FFE0840084018A028A0491030
:10470000C91009080A0E0C040800CCAC0100010411
:10471000FFFE0100028004400A30310EC004020096
:10472000291029082824482407E00000CFF20200BD
:10473000040008047FFE400440244FF44824482429
:10474000482448244FE44824400440144008D7F348
:10475000020002000208FFFC04000400040008102C
:104760000FF8108010802080408080847FFE000041
:10477000D3D2020002000204FFFE0400040008007D
:1047800008081FFC280848088808080808080FF8C7
:104790000808C7B010100C300444FFFE00003E08AB
:1047A000224822483E48224822483E482208220801
:1047B0002A282410CDA31080104817FC200023F8CD
:1047C0006208A3F820002FFE280233F42040204086
:1047D000204021402080D6B90100010001001100D5
:1047E0001100111011F81100110011001100110039
:1047F00011001104FFFE0000BDE108200820102474
:1048000023FE4420782009FC100020047DFE0104D2
:1048100001040D04710421FC0104CEB200083FFC28
:10482000200820083FF820202FF0210821FC2F002D
:10483000210821FC5F004102810200FEB2A8004075
:104840004040304017FC0444844844400FF81408AA
:104850002510E4A0244028A02910320E2404CCD82E
:1048600010401040504853FC7C40904417FE1810F4
:104870003014D7FE1110109010901010105010200E
:10488000C2CA020001087FFC0100424427881110BF
:1048900022484FE401200104FFFE01000100010055
:1048A0000100D0D008080BFC1000200040000804D4
:1048B00017FE301050109010101010101010101023
:1048C00010501020BCB400047EFE428442847E84DA
:1048D000428442847E84408444A444944A88728002
:1048E000408000800080BDAB1080108011F89108DE
:1048F000731034A0104010941FFE30105210D1904D
:104900001090101010501020D6CA00783F802080E0
:1049100020843FFE208020882FFC280828882888B3
:104920002888490842708C0C3004BCEC10401040C0
:1049300010A010A0FD10120E35F43000584056485B
:10494000914C1148115010041FFE1000BBD80000FC
:1049500000047FFE4004404447E44444444444444B
:10496000444447C4444440047FFC40040000B5BDB7
:1049700001047F8408041024222441247FA408A475
:104980000A247F240824082408040F84F81400084B
:10499000B5B10100210819180920010001087FFCA8
:1049A0000008000800083FF80008000800087FF829
:1049B0000008D0CD01047F84122412241224FFA405
:1049C000122412241204231441087FFC0100010464
:1049D000FFFE0000CFC80100110011101FF81100E8
:1049E00021000104FFFE0480048004800880088206
:1049F0001082207E4000D4C4200417FE500444449A
:104A000042844FE4482448244FE44AA44284429418
:104A1000449448745004400CB6C10020202813FC74
:104A20001020002007FEF09210541110109417FE71
:104A3000102014201850108C0304CAD6001000F85F
:104A40007F00010001103FF8010001000104FFFE9A
:104A5000010001000100010005000200B2E10208AE
:104A60001F7C12481248124812481248FFFE124892
:104A70001248124812481248124826A84110B5A5FB
:104A8000208011007FC044407FC044407FC00400AC
:104A9000FFE0040004000400BBF7040004007FC032
:104AA00004000400FFE004004440444044407FC050
:104AB0000040BCCC2080248046A095C0E48027E044
:104AC0004480F5C006A03480C48007E0D0F82100FF
:104AD00027C0410097E0E02022804580F2800FE06F
:104AE0003100C2400C20CBAB0000FBE00A200A20C2
:104AF0008A205140514020802080514052408420E3
:104B0000CDCB4FC028400FC00840EFC02A2029401D
:104B10002A802C40284050008FE0B3F60400444027
:104B2000444044407FC0040004008420842084204A
:104B3000FFE00020C7EB82005FE002000FC0C20070
:104B40005FE048404FC048404FC0684048C0D7AAC7
:104B500041004100EFC04200A200AFE0F40027C0D6
:104B60003040E68021802040B6AF01007100010096
:104B700003E0F9202120412051208920FA20022041
:104B800004C0B5E708000800FF8088808880FF80A7
:104B900088808880FF808820082007E0CEBB220024
:104BA000210040005FE0C00048404840444044804D
:104BB000448041005FE0C6F77BC04A407BC0048070
:104BC0000440FFE00A003180C0607BC04A407BC0E7
:104BD000A3BA000000000000000030003000000018
:104BE00000003000300000000000CDCB4FC0284056
:104BF0000FC00840EFC02A2029402A802C402840BE
:104C000050008FE0B3F604004440444044407FC06D
:104C100004000400842084208420FFE00020C7B02A
:104C200020801100FFE000007C4045407D40454071
:104C30007D40454044404CC0D0E87FC00400FFE0C8
:104C4000B5A0040075C00000FFE004007FC04A402A
:104C50004AC0B5F78FE0482009200BA0C9204FE0DB
:104C600048204BA04AA06BA0482010E0BBD8000011
:104C70007FE0402040204F20492049204F20402005
:104C800040207FE04020D4AD00007FE044005FC0C2
:104C900050405FC050405FC042004A805240A62052
:104CA000B3B508000800FFE01000240044007FC0F6
:104CB00004000400FFE004000400D0CD00207EA02A
:104CC00024A024A0FEA024A04420806004007FC073
:104CD0000400FFE0000000000000000000000000F1
:104CE00000000000000000000000000000000000C4
:104CF00000000000000000000000000000000000B4
:104D000000000000000000000000000000000000A3
:104D10000000000000000000000000000000000093
:104D20000000000000000000000000000000000083
:104D30000000000000000000000000000000000073
:104D40000000000000000000000000000000000063
:104D50000000000000000000000000000000000053
:104D600000000000000000C0606060606060606083
:104D70006060606060606060606060606060606033
:104D80006060E08080808080808080800000000003
:104D9000000000000000E0606060606060606060D3
:104DA0006060F8080C0C0CFF0000C0C080808080A0
:104DB000C0E0B0988888889C9C9C8080C0C080801F
:104DC0000000FF01013D25253D01FFFF000000001F
:104DD00000000000000003030303030303030303B5
:104DE00003030708080808FF000001010000000194
:104DF00003060C0C0C0C0C0C00000002010100005E
:104E00000000FF40405E52525E407F7F0000000085
:104E10000000000000000000000000000000000092
:104E20000000000000000001030303030303030369
:104E30000303030303030303030303030303030342
:104E40000303030000000000000000000000000059
:104E50000000000000000000000000000000000052
:104E60000000000000000000000000000000000042
:104E70000000000000000000000000000000000032
:104E80000000000000000000000000000000000022
:104E90000000000000000000000000000000000012
:104EA0000000000000000000000000000000000002
:104EB00000000000000000000000000000000000F2
:104EC00000000000000000000000000000000000E2
:104ED0000000000000000000000000000000F03FA3
:104EE000000000000000F83F00000000000000008B
:104EF0000000004003B8E23F000000000000000096
:104F000006D0CF43EBFD4C3E033333333333E33F23
:104F1000FFAB6FDBB66DDB3F4D268F515555D53F4F
:104F200001411DA96074D13F65DBC9934A86CD3F1D
:104F3000EF4E454A287ECA3F3E5555555555C53F0B
:104F400093BDBE166CC166BF2CDE25AF6A56113FFD
:104F5000F16BD2C541BDBBBED0A4BE726937663EFF
:104F6000000000000000000000004054FB21F93F59
:104F70003163621A61B4D03D0000601A61B4D03D63
:104F80007370032E8A19A33B0000002E8A19A33BDD
:104F9000C14920259A837B390000000000000000F1
:104FA0006E83F9A22915444ED15727FCC0DD34F594
:104FB000999562DB4190433CAB6351FE61C5BBDE1A
:104FC0003A6E24B7E0D24D42EA2E49061C92D1092E
:104FD0001CEB1DFE3EA729B1F53582E88444BB2EAB
:104FE00026709CE9417E5FB439D69139F4395383F8
:104FF0008B5F849C3B28F9BDFF97F81F0F9805DE57
:105000008B112FEF1F6D0A5ACF7E366DB709CB2754
:10501000663F464F2DEA5F9EC7BA27757BF1E5EBE9
:10502000F739073DEA92528AB15FFB6B085D8D1F2D
:105030007AFE10111111C13F37D60684F464963FF1
:10504000280356C9226D6D3F0165F2F2D844433FF3
:10505000A69237A0887E143F735360DBCB75F3BEF6
:10506000FE41B31BBAA1AB3F93846EE9E326823FB6
:105070001583E0FEC8DB573F68108D1AF726303FD6
:10508000E9A7F0320FB8123FD47ABF74702AFB3E02
:105090002B434F4E4E454354494E473C3C30303AEB
:1050A00030303A30303A30303A30303A30300D0A21
:1050B000000000002B434F4E4E45435445440D0A1B
:1050C000000000002B5041495241424C450D0A005E
:1050D0002B444953433A535543434553530D0A0018
:1050E0002B52454144590D0A000000004849440034
:1050F0001051010800000020A00300001A0A000857
:1051000020520108A0030020A0B5000020D600080E
:1051100051847A030A0009320102030406070809D0
:10512000021D019AF41F140142011202120312041B
:1051300012051206120712081209120A120B120C9B
:10514000120D120E120FB210200D8FC2F5BC48E1E5
:105150007ABE6F1283BA27E6C2503374C92B80BF60
:105160000C114CB4C3C70C2323431BF6420C280A72
:105170003F9A9919BEF4FD54BD302809583924C00E
:10518000A01AAFBF0C3808CDCC0CBFD9CEF7180190
:10519000181ED0500108E0041AC4041A90041AB46E
:1051A000040919F02C020304040552060708091A21
:1051B000AA01013223AF431B0C4204190823C84142
:1051C0001A48081A20081ADC141A10081AC8085AB3
:1051D00048205AF02011E904F14B2F440401221A0F
:1051E0009F52FA0190690401B6F21969E01A7F0131
:1051F000A809F1070108B50801080C36EC500108B0
:1052000003135D941408DD93140889901408B9976A
:1052100014081799420829200A19FF2001100000DC
:040000050800018965
:00000001FF
